Route_Name,Route_Link,Bus_Name,Bus_Type,Departing_Time,Duration,Reaching_Time,Star_Rating,Price,Seat_Availability
Bangalore to Kozhikode,https://www.redbus.in/bus-tickets/bangalore-to-kozhikode,KSRTC (Kerala) - 553,Super Express Non AC Seater Air Bus (2+2),16:45,08h 40m,01:25,2.0,INR 640,2 Seats available
Bangalore to Kozhikode,https://www.redbus.in/bus-tickets/bangalore-to-kozhikode,KSRTC (Kerala) - 51,Swift Deluxe Non AC Air Bus (2+2),19:04,09h 20m,04:24,4.3,INR 640,15 Seats available
Bangalore to Kozhikode,https://www.redbus.in/bus-tickets/bangalore-to-kozhikode,KSRTC (Kerala) - 789,Super Fast Non AC Seater (2+3),20:00,08h 25m,04:25,3.6,INR 473,10 Seats available
Bangalore to Kozhikode,https://www.redbus.in/bus-tickets/bangalore-to-kozhikode,KSRTC (Kerala) - 1585,Super Express Non AC Seater Air Bus (2+2),20:31,09h 05m,05:36,3.8,INR 640,8 Seats available
Bangalore to Kozhikode,https://www.redbus.in/bus-tickets/bangalore-to-kozhikode,KSRTC (Kerala) - 1586,Super Express Non AC Seater Air Bus (2+2),21:31,09h 05m,06:36,3.2,INR 640,7 Seats available
Bangalore to Kozhikode,https://www.redbus.in/bus-tickets/bangalore-to-kozhikode,KSRTC (Kerala) - 2133,Swift Deluxe Non AC Air Bus (2+2),22:12,09h 24m,07:36,3.4,INR 640,12 Seats available
Bangalore to Kozhikode,https://www.redbus.in/bus-tickets/bangalore-to-kozhikode,KSRTC (Kerala) - 574,Super Express Non AC Seater Air Bus (2+2),23:00,10h 30m,09:30,4.1,INR 469,4 Seats available
Bangalore to Kozhikode,https://www.redbus.in/bus-tickets/bangalore-to-kozhikode,KSRTC (Kerala) - 583,Super Express Non AC Seater Air Bus (2+2),23:30,10h 05m,09:35,3.4,INR 469,3 Seats available
Bangalore to Kozhikode,https://www.redbus.in/bus-tickets/bangalore-to-kozhikode,KSRTC (Kerala) - 56,SWIFT-GARUDA A/C SEATER BUS,23:41,09h 24m,09:05,3.8,INR 627,16 Seats available
Bangalore to Kozhikode,https://www.redbus.in/bus-tickets/bangalore-to-kozhikode,Silver Line Travels,NON A/C Semi Sleeper (2+2),22:00,08h 10m,06:10,4.5,INR 699,24 Seats available
Bangalore to Kozhikode,https://www.redbus.in/bus-tickets/bangalore-to-kozhikode,MMK Travels,VE A/C Seater / Sleeper (2+1),22:30,09h 00m,07:30,4.4,INR 700,17 Seats available
Bangalore to Kozhikode,https://www.redbus.in/bus-tickets/bangalore-to-kozhikode,SAAM BUS,Bharat Benz A/C Sleeper (2+1),20:10,10h 35m,06:45,4.5,INR 900,5 Seats available
Bangalore to Kozhikode,https://www.redbus.in/bus-tickets/bangalore-to-kozhikode,AdSURAJ TRAVEL HOUSE,VE A/C Seater / Sleeper (2+1),21:00,10h 30m,07:30,3.8,INR 700,25 Seats available
Bangalore to Kozhikode,https://www.redbus.in/bus-tickets/bangalore-to-kozhikode,Kyros Connect,Bharat Benz A/C Semi Sleeper (2+2),23:00,10h 00m,09:00,4.2,INR 899,36 Seats available
Bangalore to Kozhikode,https://www.redbus.in/bus-tickets/bangalore-to-kozhikode,NS Transports,Non A/C Seater / Sleeper (2+1),21:45,08h 25m,06:10,4.2,INR 800,9 Seats available
Bangalore to Kozhikode,https://www.redbus.in/bus-tickets/bangalore-to-kozhikode,P K Travels,A/C Sleeper (2+1),18:45,11h 45m,06:30,4.3,INR 1100,11 Seats available
Bangalore to Kozhikode,https://www.redbus.in/bus-tickets/bangalore-to-kozhikode,AdSuraj Holidays,NON AC Seater / Sleeper 2+1,20:30,09h 30m,06:00,3.3,INR 750,12 Seats available
Bangalore to Kozhikode,https://www.redbus.in/bus-tickets/bangalore-to-kozhikode,NS Transports,VE A/C Sleeper (2+1),22:45,08h 45m,07:30,4.1,INR 999,15 Seats available
Bangalore to Kozhikode,https://www.redbus.in/bus-tickets/bangalore-to-kozhikode,Suraj Holidays,VE A/C Sleeper (2+1),22:30,09h 00m,07:30,4.0,INR 1000,11 Seats available
Bangalore to Kozhikode,https://www.redbus.in/bus-tickets/bangalore-to-kozhikode,NS Transports,Non A/C Seater / Sleeper (2+1),22:15,08h 15m,06:30,4.0,INR 800,4 Seats available
Bangalore to Kozhikode,https://www.redbus.in/bus-tickets/bangalore-to-kozhikode,DLT BUS,A/C Sleeper (2+1),22:30,09h 00m,07:30,3.8,INR 899,17 Seats available
Bangalore to Kozhikode,https://www.redbus.in/bus-tickets/bangalore-to-kozhikode,SKS Tourist Corporation (REGD),A/C Sleeper (2+1),21:00,08h 30m,05:30,3.9,INR 899,10 Seats available
Bangalore to Kozhikode,https://www.redbus.in/bus-tickets/bangalore-to-kozhikode,DA Transports,A/C Sleeper (2+1),21:45,09h 15m,07:00,3.5,739,16 Seats available
Bangalore to Kozhikode,https://www.redbus.in/bus-tickets/bangalore-to-kozhikode,National travels and logistics,NON A/C Sleeper (2+1),22:45,07h 45m,06:30,3.6,799,10 Seats available
Bangalore to Kozhikode,https://www.redbus.in/bus-tickets/bangalore-to-kozhikode,SKS Tours & Travels,A/C Sleeper (2+1),21:15,08h 30m,05:45,4.5,INR 899,15 Seats available
Bangalore to Kozhikode,https://www.redbus.in/bus-tickets/bangalore-to-kozhikode,Sam Tourist,NON AC Seater / Sleeper 2+1,22:05,09h 00m,07:05,3.8,INR 599,11 Seats available
Bangalore to Kozhikode,https://www.redbus.in/bus-tickets/bangalore-to-kozhikode,Kalpaka Travels,NON A/C Semi Sleeper (2+2),22:00,08h 30m,06:30,3.2,INR 700,13 Seats available
Bangalore to Kozhikode,https://www.redbus.in/bus-tickets/bangalore-to-kozhikode,A1 Travels,A/C Seater / Sleeper (2+1),21:45,09h 15m,07:00,3.1,INR 800,25 Seats available
Bangalore to Kozhikode,https://www.redbus.in/bus-tickets/bangalore-to-kozhikode,NS Transports,NON A/C Sleeper (2+1),23:00,08h 30m,07:30,4.1,INR 899,7 Seats available
Bangalore to Kozhikode,https://www.redbus.in/bus-tickets/bangalore-to-kozhikode,A1 Travels,Non A/C Seater / Sleeper (2+1),21:00,09h 45m,06:45,3.0,INR 600,11 Seats available
Bangalore to Kozhikode,https://www.redbus.in/bus-tickets/bangalore-to-kozhikode,P K Travels,Non A/C Seater / Sleeper (2+1),19:15,10h 00m,05:15,3.7,INR 799,15 Seats available
Bangalore to Kozhikode,https://www.redbus.in/bus-tickets/bangalore-to-kozhikode,National travels and logistics,A/C Sleeper (2+1),22:45,08h 15m,07:00,3.5,799,17 Seats available
Bangalore to Kozhikode,https://www.redbus.in/bus-tickets/bangalore-to-kozhikode,Vijay Lines,A/C Seater / Sleeper (2+1),22:20,08h 40m,07:00,1.7,INR 1999,40 Seats available
Bangalore to Kozhikode,https://www.redbus.in/bus-tickets/bangalore-to-kozhikode,Vijay Lines,A/C Seater / Sleeper (2+1),20:45,10h 45m,07:30,1.7,INR 5000,40 Seats available
Bangalore to Kozhikode,https://www.redbus.in/bus-tickets/bangalore-to-kozhikode,RAVINA TRAVELS,A/C Sleeper (2+1),22:30,09h 00m,07:30,1.6,INR 999,24 Seats available
Kozhikode to Ernakulam,https://www.redbus.in/bus-tickets/kozhikode-to-ernakulam,KSRTC (Kerala) - 1883,Low Floor AC Seater 2+2,16:30,05h 39m,22:09,3.3,INR 383,14 Seats available
Kozhikode to Ernakulam,https://www.redbus.in/bus-tickets/kozhikode-to-ernakulam,KSRTC (Kerala) - 503,Super Express Non AC Seater Air Bus (2+2),17:42,04h 18m,22:00,3.1,INR 309,23 Seats available
Kozhikode to Ernakulam,https://www.redbus.in/bus-tickets/kozhikode-to-ernakulam,KSRTC (Kerala) - 1872,Low Floor AC Seater 2+2,18:30,05h 14m,23:44,3.3,INR 383,9 Seats available
Kozhikode to Ernakulam,https://www.redbus.in/bus-tickets/kozhikode-to-ernakulam,KSRTC (Kerala) - 467,Super Express Non AC Seater Air Bus (2+2),19:55,04h 40m,00:35,1.2,INR 309,30 Seats available
Kozhikode to Ernakulam,https://www.redbus.in/bus-tickets/kozhikode-to-ernakulam,KSRTC (Kerala) - 564,Super Express Non AC Seater Air Bus (2+2),20:12,04h 39m,00:51,3.2,INR 309,19 Seats available
Kozhikode to Ernakulam,https://www.redbus.in/bus-tickets/kozhikode-to-ernakulam,KSRTC (Kerala) - 46,Swift Deluxe Non AC Air Bus (2+2),20:25,04h 36m,01:01,3.0,INR 309,28 Seats available
Kozhikode to Ernakulam,https://www.redbus.in/bus-tickets/kozhikode-to-ernakulam,KSRTC (Kerala) - 2393,Low Floor AC Seater 2+2,20:30,05h 14m,01:44,3.0,INR 383,22 Seats available
Kozhikode to Ernakulam,https://www.redbus.in/bus-tickets/kozhikode-to-ernakulam,KSRTC (Kerala) - 827,Super Fast Non AC Seater (2+3),21:00,05h 35m,02:35,3.6,INR 269,45 Seats available
Kozhikode to Ernakulam,https://www.redbus.in/bus-tickets/kozhikode-to-ernakulam,KSRTC (Kerala) - 531,Super Express Non AC Seater Air Bus (2+2),21:15,03h 55m,01:10,3.3,INR 309,14 Seats available
Kozhikode to Ernakulam,https://www.redbus.in/bus-tickets/kozhikode-to-ernakulam,KSRTC (Kerala) - 42,Swift Deluxe Non AC Air Bus (2+2),21:25,04h 40m,02:05,3.0,INR 309,15 Seats available
Kozhikode to Ernakulam,https://www.redbus.in/bus-tickets/kozhikode-to-ernakulam,A1 Travels,NON A/C Semi Sleeper (2+2),21:00,04h 30m,01:30,4.0,INR 450,31 Seats available
Kozhikode to Ernakulam,https://www.redbus.in/bus-tickets/kozhikode-to-ernakulam,BLM Transports,A/C Sleeper (2+1),22:00,04h 45m,02:45,3.9,903,6 Seats available
Kozhikode to Ernakulam,https://www.redbus.in/bus-tickets/kozhikode-to-ernakulam,A1 Travels,Bharat Benz A/C Seater /Sleeper (2+1),22:15,03h 30m,01:45,4.1,INR 600,27 Seats available
Kozhikode to Ernakulam,https://www.redbus.in/bus-tickets/kozhikode-to-ernakulam,Madhavi Travels,A/C Sleeper (2+1),22:20,04h 15m,02:35,3.9,949,8 Seats available
Kozhikode to Ernakulam,https://www.redbus.in/bus-tickets/kozhikode-to-ernakulam,Sonia Travels,A/C Seater/Sleeper (2+1),23:30,04h 59m,04:29,4.2,INR 700,23 Seats available
Kozhikode to Ernakulam,https://www.redbus.in/bus-tickets/kozhikode-to-ernakulam,Sonia Travels,A/C Semi Sleeper (2+2),23:45,03h 45m,03:30,4.2,INR 650,24 Seats available
Kozhikode to Ernakulam,https://www.redbus.in/bus-tickets/kozhikode-to-ernakulam,Cochin Express,A/C Sleeper (2+1),23:59,05h 46m,05:45,4.1,INR 850,6 Seats available
Kozhikode to Ernakulam,https://www.redbus.in/bus-tickets/kozhikode-to-ernakulam,Cochin Express,Volvo Multi-Axle B9R A/c Semi Sleeper (2+2),23:59,06h 16m,06:15,3.2,INR 667,14 Seats available
Kozhikode to Ernakulam,https://www.redbus.in/bus-tickets/kozhikode-to-ernakulam,Kalpaka Travels 1,A/C Sleeper (2+1),23:59,06h 01m,06:00,3.7,INR 800,12 Seats available
Kozhikode to Ernakulam,https://www.redbus.in/bus-tickets/kozhikode-to-ernakulam,Arya Travels,A/C Sleeper (2+1),23:59,05h 31m,05:30,4.0,INR 695,12 Seats available
Kozhikode to Bangalore,https://www.redbus.in/bus-tickets/kozhikode-to-bangalore,KSRTC (Kerala) - 578,Super Express Non AC Seater Air Bus (2+2),18:00,10h 00m,04:00,3.9,INR 513,34 Seats available
Kozhikode to Bangalore,https://www.redbus.in/bus-tickets/kozhikode-to-bangalore,KSRTC (Kerala) - 72,SWIFT-GARUDA A/C SEATER BUS,19:00,08h 35m,03:35,3.8,INR 688,24 Seats available
Kozhikode to Bangalore,https://www.redbus.in/bus-tickets/kozhikode-to-bangalore,KSRTC (Kerala) - 1583,Super Express Non AC Seater Air Bus (2+2),20:02,09h 19m,05:21,4.0,INR 640,26 Seats available
Kozhikode to Bangalore,https://www.redbus.in/bus-tickets/kozhikode-to-bangalore,KSRTC (Kerala) - 234,Swift Deluxe Non AC Air Bus (2+2),21:00,09h 00m,06:00,4.1,INR 620,2 Seats available
Kozhikode to Bangalore,https://www.redbus.in/bus-tickets/kozhikode-to-bangalore,KSRTC (Kerala) - 1584,Super Express Non AC Seater Air Bus (2+2),21:29,09h 09m,06:38,2.9,INR 640,22 Seats available
Kozhikode to Bangalore,https://www.redbus.in/bus-tickets/kozhikode-to-bangalore,KSRTC (Kerala) - 50,Swift Deluxe Non AC Air Bus (2+2),22:06,08h 35m,06:41,3.3,INR 640,16 Seats available
Kozhikode to Bangalore,https://www.redbus.in/bus-tickets/kozhikode-to-bangalore,KSRTC (Kerala) - 549,Super Express Non AC Seater Air Bus (2+2),22:15,07h 58m,06:13,1.7,INR 640,3 Seats available
Kozhikode to Bangalore,https://www.redbus.in/bus-tickets/kozhikode-to-bangalore,MMK Travels,VE A/C Seater / Sleeper (2+1),21:30,08h 30m,06:00,4.4,INR 700,13 Seats available
Kozhikode to Bangalore,https://www.redbus.in/bus-tickets/kozhikode-to-bangalore,DLT BUS,A/C Sleeper (2+1),21:45,08h 45m,06:30,4.2,INR 899,15 Seats available
Kozhikode to Bangalore,https://www.redbus.in/bus-tickets/kozhikode-to-bangalore,Suraj Holidays,VE A/C Sleeper (2+1),22:00,09h 15m,07:15,4.2,INR 950,18 Seats available
Kozhikode to Bangalore,https://www.redbus.in/bus-tickets/kozhikode-to-bangalore,AdSURAJ TRAVEL HOUSE,VE A/C Seater / Sleeper (2+1),20:45,09h 15m,06:00,3.9,INR 699,26 Seats available
Kozhikode to Bangalore,https://www.redbus.in/bus-tickets/kozhikode-to-bangalore,P K Travels,A/C Sleeper (2+1),20:00,10h 00m,06:00,4.2,INR 950,19 Seats available
Kozhikode to Bangalore,https://www.redbus.in/bus-tickets/kozhikode-to-bangalore,NS Transports,Non A/C Seater / Sleeper (2+1),20:30,10h 05m,06:35,4.1,INR 699,12 Seats available
Kozhikode to Bangalore,https://www.redbus.in/bus-tickets/kozhikode-to-bangalore,NS Transports,NON A/C Sleeper (2+1),21:16,09h 14m,06:30,4.2,INR 799,19 Seats available
Kozhikode to Bangalore,https://www.redbus.in/bus-tickets/kozhikode-to-bangalore,AdDA Transports,A/C Sleeper (2+1),21:50,08h 55m,06:45,3.7,INR 799,24 Seats available
Kozhikode to Bangalore,https://www.redbus.in/bus-tickets/kozhikode-to-bangalore,SAAM BUS,Bharat Benz A/C Sleeper (2+1),20:30,09h 45m,06:15,4.2,INR 850,7 Seats available
Kozhikode to Bangalore,https://www.redbus.in/bus-tickets/kozhikode-to-bangalore,National travels and logistics,NON A/C Sleeper (2+1),20:45,09h 30m,06:15,3.9,INR 699,12 Seats available
Ernakulam to Kozhikode,https://www.redbus.in/bus-tickets/ernakulam-to-kozhikode,KSRTC (Kerala) - 723,Super Fast Non AC Seater (2+3),17:10,05h 35m,22:45,3.6,INR 269,44 Seats available
Ernakulam to Kozhikode,https://www.redbus.in/bus-tickets/ernakulam-to-kozhikode,KSRTC (Kerala) - 2572,Super Fast Non AC Seater (2+3),17:10,06h 40m,23:50,2.9,INR 261,41 Seats available
Ernakulam to Kozhikode,https://www.redbus.in/bus-tickets/ernakulam-to-kozhikode,KSRTC (Kerala) - 2569,Super Fast Non AC Seater (2+3),18:00,06h 35m,00:35,2.9,INR 261,40 Seats available
Ernakulam to Kozhikode,https://www.redbus.in/bus-tickets/ernakulam-to-kozhikode,KSRTC (Kerala) - 549,Super Express Non AC Seater Air Bus (2+2),18:05,04h 10m,22:15,3.4,INR 309,5 Seats available
Ernakulam to Kozhikode,https://www.redbus.in/bus-tickets/ernakulam-to-kozhikode,KSRTC (Kerala) - 2517,Swift Deluxe Non AC Air Bus (2+2),18:36,04h 40m,23:16,2.9,INR 309,28 Seats available
Ernakulam to Kozhikode,https://www.redbus.in/bus-tickets/ernakulam-to-kozhikode,KSRTC (Kerala) - 2131,Super Express Non AC Seater Air Bus (2+2),20:29,05h 21m,01:50,2.9,INR 288,12 Seats available
Ernakulam to Kozhikode,https://www.redbus.in/bus-tickets/ernakulam-to-kozhikode,KSRTC (Kerala) - 570,Super Express Non AC Seater Air Bus (2+2),21:20,04h 25m,01:45,2.7,INR 309,36 Seats available
Ernakulam to Kozhikode,https://www.redbus.in/bus-tickets/ernakulam-to-kozhikode,KSRTC (Kerala) - 915,Super Fast Non AC Seater (2+3),21:35,05h 35m,03:10,2.9,INR 261,26 Seats available
Ernakulam to Kozhikode,https://www.redbus.in/bus-tickets/ernakulam-to-kozhikode,KSRTC (Kerala) - 1028,Super Fast Non AC Seater (2+3),22:10,05h 20m,03:30,2.9,INR 269,37 Seats available
Ernakulam to Kozhikode,https://www.redbus.in/bus-tickets/ernakulam-to-kozhikode,KSRTC (Kerala) - 2071,Super Express Non AC Seater Air Bus (2+2),22:10,04h 20m,02:30,3.7,INR 268,22 Seats available
Ernakulam to Kozhikode,https://www.redbus.in/bus-tickets/ernakulam-to-kozhikode,Ubc travels,A/C Semi Sleeper (2+2),20:40,04h 20m,01:00,3.3,INR 700,30 Seats available
Ernakulam to Kozhikode,https://www.redbus.in/bus-tickets/ernakulam-to-kozhikode,Ubc travels,A/C Seater/Sleeper (2+1),20:45,06h 15m,03:00,4.0,INR 900,34 Seats available
Ernakulam to Kozhikode,https://www.redbus.in/bus-tickets/ernakulam-to-kozhikode,Kalpaka Travels 1,A/C Sleeper (2+1),20:55,05h 35m,02:30,5.0,INR 800,11 Seats available
Ernakulam to Kozhikode,https://www.redbus.in/bus-tickets/ernakulam-to-kozhikode,Sheraton Tours and Travels,A/C Seater/Sleeper (2+1),21:00,04h 45m,01:45,4.2,480,29 Seats available
Ernakulam to Kozhikode,https://www.redbus.in/bus-tickets/ernakulam-to-kozhikode,Cochin Express,A/C Sleeper (2+1),21:15,05h 15m,02:30,4.4,INR 900,10 Seats available
Ernakulam to Kozhikode,https://www.redbus.in/bus-tickets/ernakulam-to-kozhikode,Cochin Express,Volvo Multi-Axle B9R A/c Semi Sleeper (2+2),21:15,05h 05m,02:20,4.4,INR 700,40 Seats available
Ernakulam to Kozhikode,https://www.redbus.in/bus-tickets/ernakulam-to-kozhikode,Sonia Travels,A/C Semi Sleeper (2+2),21:20,05h 10m,02:30,3.8,INR 650,13 Seats available
Ernakulam to Kozhikode,https://www.redbus.in/bus-tickets/ernakulam-to-kozhikode,UFO Bus,Volvo Multi-Axle B9R A/c Semi Sleeper (2+2),21:30,05h 15m,02:45,4.5,630,29 Seats available
Ernakulam to Kozhikode,https://www.redbus.in/bus-tickets/ernakulam-to-kozhikode,Madhavi Travels,A/C Semi Sleeper (2+2),21:30,04h 45m,02:15,4.4,549,17 Seats available
Ernakulam to Kozhikode,https://www.redbus.in/bus-tickets/ernakulam-to-kozhikode,Madhavi Travels,A/C Sleeper (2+1),21:40,04h 55m,02:35,4.1,INR 799,22 Seats available
Kozhikode to Mysore,https://www.redbus.in/bus-tickets/kozhikode-to-mysore,KSRTC (Kerala) - 898,Super Fast Non AC Seater (2+3),16:30,05h 45m,22:15,4.4,INR 273,43 Seats available
Kozhikode to Mysore,https://www.redbus.in/bus-tickets/kozhikode-to-mysore,KSRTC (Kerala) - 578,Super Express Non AC Seater Air Bus (2+2),18:00,07h 20m,01:20,3.9,INR 350,38 Seats available
Kozhikode to Mysore,https://www.redbus.in/bus-tickets/kozhikode-to-mysore,KSRTC (Kerala) - 72,SWIFT-GARUDA A/C SEATER BUS,19:00,05h 30m,00:30,3.9,INR 452,28 Seats available
Kozhikode to Mysore,https://www.redbus.in/bus-tickets/kozhikode-to-mysore,,,,,,,,
Kozhikode to Mysore,https://www.redbus.in/bus-tickets/kozhikode-to-mysore,,,,,,,,
Kozhikode to Mysore,https://www.redbus.in/bus-tickets/kozhikode-to-mysore,,,,,,,,
Kozhikode to Mysore,https://www.redbus.in/bus-tickets/kozhikode-to-mysore,,,,,,,,
Kozhikode to Mysore,https://www.redbus.in/bus-tickets/kozhikode-to-mysore,,,,,,,,
Kozhikode to Mysore,https://www.redbus.in/bus-tickets/kozhikode-to-mysore,,,,,,,,
Kozhikode to Mysore,https://www.redbus.in/bus-tickets/kozhikode-to-mysore,,,,,,,,
Kozhikode to Thiruvananthapuram,https://www.redbus.in/bus-tickets/kozhikode-to-thiruvananthapuram,KSRTC (Kerala) - 1883,Low Floor AC Seater 2+2,16:30,10h 20m,02:50,3.0,INR 742,18 Seats available
Kozhikode to Thiruvananthapuram,https://www.redbus.in/bus-tickets/kozhikode-to-thiruvananthapuram,KSRTC (Kerala) - 1862,Low Floor AC Seater 2+2,17:30,10h 15m,03:45,3.0,INR 723,21 Seats available
Kozhikode to Thiruvananthapuram,https://www.redbus.in/bus-tickets/kozhikode-to-thiruvananthapuram,KSRTC (Kerala) - 503,Super Express Non AC Seater Air Bus (2+2),17:42,07h 58m,01:40,3.4,INR 586,25 Seats available
Kozhikode to Thiruvananthapuram,https://www.redbus.in/bus-tickets/kozhikode-to-thiruvananthapuram,,,,,,,,
Kozhikode to Thiruvananthapuram,https://www.redbus.in/bus-tickets/kozhikode-to-thiruvananthapuram,,,,,,,,
Kozhikode to Thiruvananthapuram,https://www.redbus.in/bus-tickets/kozhikode-to-thiruvananthapuram,,,,,,,,
Kozhikode to Thiruvananthapuram,https://www.redbus.in/bus-tickets/kozhikode-to-thiruvananthapuram,,,,,,,,
Kozhikode to Thiruvananthapuram,https://www.redbus.in/bus-tickets/kozhikode-to-thiruvananthapuram,,,,,,,,
Kozhikode to Thiruvananthapuram,https://www.redbus.in/bus-tickets/kozhikode-to-thiruvananthapuram,,,,,,,,
Kozhikode to Thiruvananthapuram,https://www.redbus.in/bus-tickets/kozhikode-to-thiruvananthapuram,,,,,,,,
Bangalore to Kalpetta (kerala),https://www.redbus.in/bus-tickets/bangalore-to-kalpetta,KSRTC (Kerala) - 553,Super Express Non AC Seater Air Bus (2+2),16:45,07h 25m,00:10,3.8,INR 548,19 Seats available
Bangalore to Kalpetta (kerala),https://www.redbus.in/bus-tickets/bangalore-to-kalpetta,KSRTC (Kerala) - 51,Swift Deluxe Non AC Air Bus (2+2),19:04,07h 46m,02:50,3.8,INR 548,29 Seats available
Bangalore to Kalpetta (kerala),https://www.redbus.in/bus-tickets/bangalore-to-kalpetta,KSRTC (Kerala) - 789,Super Fast Non AC Seater (2+3),20:00,06h 05m,02:05,3.8,INR 473,31 Seats available
Bangalore to Kalpetta (kerala),https://www.redbus.in/bus-tickets/bangalore-to-kalpetta,KSRTC (Kerala) - 1585,Super Express Non AC Seater Air Bus (2+2),20:31,07h 10m,03:41,3.8,INR 548,21 Seats available
Bangalore to Kalpetta (kerala),https://www.redbus.in/bus-tickets/bangalore-to-kalpetta,KSRTC (Kerala) - 1586,Super Express Non AC Seater Air Bus (2+2),21:31,07h 15m,04:46,3.8,INR 548,13 Seats available
Bangalore to Kalpetta (kerala),https://www.redbus.in/bus-tickets/bangalore-to-kalpetta,KSRTC (Kerala) - 2133,Swift Deluxe Non AC Air Bus (2+2),22:12,07h 49m,06:01,3.2,INR 548,18 Seats available
Bangalore to Kalpetta (kerala),https://www.redbus.in/bus-tickets/bangalore-to-kalpetta,KSRTC (Kerala) - 574,Super Express Non AC Seater Air Bus (2+2),23:00,08h 30m,07:30,3.7,INR 377,9 Seats available
Bangalore to Kalpetta (kerala),https://www.redbus.in/bus-tickets/bangalore-to-kalpetta,KSRTC (Kerala) - 583,Super Express Non AC Seater Air Bus (2+2),23:30,08h 05m,07:35,3.5,INR 377,5 Seats available
Bangalore to Kalpetta (kerala),https://www.redbus.in/bus-tickets/bangalore-to-kalpetta,KSRTC (Kerala) - 56,SWIFT-GARUDA A/C SEATER BUS,23:41,07h 34m,07:15,4.5,INR 524,19 Seats available
Bangalore to Kalpetta (kerala),https://www.redbus.in/bus-tickets/bangalore-to-kalpetta,Kyros Connect,Bharat Benz A/C Semi Sleeper (2+2),23:00,08h 20m,07:20,4.7,INR 899,36 Seats available
Bangalore to Kalpetta (kerala),https://www.redbus.in/bus-tickets/bangalore-to-kalpetta,DLT BUS,A/C Sleeper (2+1),22:30,07h 00m,05:30,4.2,INR 899,17 Seats available
Bangalore to Kalpetta (kerala),https://www.redbus.in/bus-tickets/bangalore-to-kalpetta,MMK Travels,VE A/C Seater / Sleeper (2+1),22:30,07h 00m,05:30,4.4,INR 700,19 Seats available
Bangalore to Kalpetta (kerala),https://www.redbus.in/bus-tickets/bangalore-to-kalpetta,Suraj Holidays,VE A/C Sleeper (2+1),22:30,07h 45m,06:15,4.7,INR 1000,15 Seats available
Bangalore to Kalpetta (kerala),https://www.redbus.in/bus-tickets/bangalore-to-kalpetta,DLT BUS,A/C Sleeper (2+1),22:30,06h 50m,05:20,4.4,INR 899,17 Seats available
Bangalore to Kalpetta (kerala),https://www.redbus.in/bus-tickets/bangalore-to-kalpetta,Kyros Connect,Bharat Benz A/C Semi Sleeper (2+2),23:00,08h 30m,07:30,3.9,INR 899,38 Seats available
Bangalore to Kalpetta (kerala),https://www.redbus.in/bus-tickets/bangalore-to-kalpetta,Silver Line Travels,NON A/C Semi Sleeper (2+2),22:00,06h 20m,04:20,4.5,INR 699,29 Seats available
Bangalore to Kalpetta (kerala),https://www.redbus.in/bus-tickets/bangalore-to-kalpetta,MMK Travels,VE A/C Seater / Sleeper (2+1),22:30,07h 15m,05:45,3.9,INR 700,19 Seats available
Bangalore to Kalpetta (kerala),https://www.redbus.in/bus-tickets/bangalore-to-kalpetta,Suraj Holidays,VE A/C Sleeper (2+1),22:30,07h 45m,06:15,4.3,INR 1000,18 Seats available
Bangalore to Kalpetta (kerala),https://www.redbus.in/bus-tickets/bangalore-to-kalpetta,DA Transports,A/C Sleeper (2+1),21:45,06h 30m,04:15,3.6,INR 799,16 Seats available
Bangalore to Kalpetta (kerala),https://www.redbus.in/bus-tickets/bangalore-to-kalpetta,SURAJ TRAVEL HOUSE,VE A/C Seater / Sleeper (2+1),21:00,08h 15m,05:15,4.5,INR 700,24 Seats available
Bangalore to Kalpetta (kerala),https://www.redbus.in/bus-tickets/bangalore-to-kalpetta,SKS Tourist Corporation (REGD),Non A/C Seater / Sleeper (2+1),21:15,07h 10m,04:25,4.2,INR 849,11 Seats available
Bangalore to Kalpetta (kerala),https://www.redbus.in/bus-tickets/bangalore-to-kalpetta,SKS Tourist Corporation (REGD),A/C Sleeper (2+1),21:00,07h 45m,04:45,2.9,INR 899,13 Seats available
Bangalore to Kalpetta (kerala),https://www.redbus.in/bus-tickets/bangalore-to-kalpetta,A1 Travels,Bharat Benz A/C Seater /Sleeper (2+1),20:00,08h 30m,04:30,3.7,INR 700,6 Seats available
Bangalore to Kalpetta (kerala),https://www.redbus.in/bus-tickets/bangalore-to-kalpetta,A1 Travels,Non A/C Seater / Sleeper (2+1),21:00,08h 00m,05:00,3.7,INR 600,11 Seats available
Bangalore to Kalpetta (kerala),https://www.redbus.in/bus-tickets/bangalore-to-kalpetta,SKS Tourist Corporation (REGD),A/C Sleeper (2+1),21:00,07h 20m,04:20,3.3,INR 899,13 Seats available
Bangalore to Kalpetta (kerala),https://www.redbus.in/bus-tickets/bangalore-to-kalpetta,SKS Tourist Corporation (REGD),Non A/C Seater / Sleeper (2+1),21:15,07h 05m,04:20,3.3,INR 849,29 Seats available
Bangalore to Kalpetta (kerala),https://www.redbus.in/bus-tickets/bangalore-to-kalpetta,RAVINA TRAVELS,A/C Sleeper (2+1),22:30,06h 15m,04:45,3.0,INR 999,24 Seats available
Bangalore to Kalpetta (kerala),https://www.redbus.in/bus-tickets/bangalore-to-kalpetta,Vijay Lines,A/C Seater / Sleeper (2+1),22:20,06h 25m,04:45,1.9,INR 1999,40 Seats available
Mysore to Kozhikode,https://www.redbus.in/bus-tickets/mysore-to-kozhikode,KSRTC (Kerala) - 712,Super Fast Non AC Seater (2+3),16:45,05h 45m,22:30,3.4,INR 285,49 Seats available
Mysore to Kozhikode,https://www.redbus.in/bus-tickets/mysore-to-kozhikode,KSRTC (Kerala) - 798,Super Fast Non AC Seater (2+3),17:00,06h 00m,23:00,4.0,INR 285,46 Seats available
Mysore to Kozhikode,https://www.redbus.in/bus-tickets/mysore-to-kozhikode,KSRTC (Kerala) - 235,Swift Deluxe Non AC Air Bus (2+2),17:30,06h 31m,00:01,4.0,INR 398,1 Seat available
Mysore to Kozhikode,https://www.redbus.in/bus-tickets/mysore-to-kozhikode,KSRTC (Kerala) - 370,AC MULTI AXLE,18:00,04h 20m,22:20,4.0,INR 494,6 Seats available
Mysore to Kozhikode,https://www.redbus.in/bus-tickets/mysore-to-kozhikode,KSRTC (Kerala) - 793,Super Fast Non AC Seater (2+3),18:30,05h 30m,00:00,3.6,INR 285,42 Seats available
Mysore to Kozhikode,https://www.redbus.in/bus-tickets/mysore-to-kozhikode,LIYAS TOURS,Bharat Benz A/C Sleeper (2+1),17:25,05h 40m,23:05,4.1,599,11 Seats available
Mysore to Kozhikode,https://www.redbus.in/bus-tickets/mysore-to-kozhikode,A1 Travels,Bharat Benz A/C Sleeper (2+1),17:30,06h 00m,23:30,3.3,INR 600,33 Seats available
Mysore to Kozhikode,https://www.redbus.in/bus-tickets/mysore-to-kozhikode,Suraj Holidays,NON AC Seater / Sleeper 2+1,23:00,07h 00m,06:00,4.3,INR 750,19 Seats available
Mysore to Kozhikode,https://www.redbus.in/bus-tickets/mysore-to-kozhikode,NS Transports,Non A/C Seater / Sleeper (2+1),00:10,06h 00m,06:10,4.2,INR 800,11 Seats available
Mysore to Kozhikode,https://www.redbus.in/bus-tickets/mysore-to-kozhikode,NS Transports,Non A/C Seater / Sleeper (2+1),00:30,06h 00m,06:30,4.2,INR 800,2 Seats available
Kalpetta (kerala) to Bangalore,https://www.redbus.in/bus-tickets/kalpetta-to-bangalore,KSRTC (Kerala) - 578,Super Express Non AC Seater Air Bus (2+2),20:00,08h 00m,04:00,2.4,INR 426,36 Seats available
Kalpetta (kerala) to Bangalore,https://www.redbus.in/bus-tickets/kalpetta-to-bangalore,KSRTC (Kerala) - 72,SWIFT-GARUDA A/C SEATER BUS,20:35,07h 00m,03:35,3.4,INR 586,24 Seats available
Kalpetta (kerala) to Bangalore,https://www.redbus.in/bus-tickets/kalpetta-to-bangalore,KSRTC (Kerala) - 1583,Super Express Non AC Seater Air Bus (2+2),21:57,07h 24m,05:21,3.6,INR 548,28 Seats available
Kalpetta (kerala) to Bangalore,https://www.redbus.in/bus-tickets/kalpetta-to-bangalore,KSRTC (Kerala) - 1353,Super Express Non AC Seater Air Bus (2+2),22:00,07h 10m,05:10,3.4,INR 548,25 Seats available
Kalpetta (kerala) to Bangalore,https://www.redbus.in/bus-tickets/kalpetta-to-bangalore,,,,,,,,
Kalpetta (kerala) to Bangalore,https://www.redbus.in/bus-tickets/kalpetta-to-bangalore,,,,,,,,
Kalpetta (kerala) to Bangalore,https://www.redbus.in/bus-tickets/kalpetta-to-bangalore,,,,,,,,
Kalpetta (kerala) to Bangalore,https://www.redbus.in/bus-tickets/kalpetta-to-bangalore,,,,,,,,
Kalpetta (kerala) to Bangalore,https://www.redbus.in/bus-tickets/kalpetta-to-bangalore,,,,,,,,
Kalpetta (kerala) to Bangalore,https://www.redbus.in/bus-tickets/kalpetta-to-bangalore,,,,,,,,
Kozhikode to Thrissur,https://www.redbus.in/bus-tickets/kozhikode-to-thrissur,KSRTC (Kerala) - 1883,Low Floor AC Seater 2+2,16:30,03h 20m,19:50,2.7,INR 253,14 Seats available
Kozhikode to Thrissur,https://www.redbus.in/bus-tickets/kozhikode-to-thrissur,KSRTC (Kerala) - 726,Super Fast Non AC Seater (2+3),17:00,03h 20m,20:20,3.1,INR 181,50 Seats available
Kozhikode to Thrissur,https://www.redbus.in/bus-tickets/kozhikode-to-thrissur,KSRTC (Kerala) - 2716,Super Fast Non AC Seater (2+3),17:15,03h 30m,20:45,3.1,INR 181,50 Seats available
Kozhikode to Thrissur,https://www.redbus.in/bus-tickets/kozhikode-to-thrissur,KSRTC (Kerala) - 323,Super Fast Non AC Seater (2+3),17:25,03h 20m,20:45,3.1,INR 181,44 Seats available
Kozhikode to Thrissur,https://www.redbus.in/bus-tickets/kozhikode-to-thrissur,KSRTC (Kerala) - 1862,Low Floor AC Seater 2+2,17:30,03h 30m,21:00,3.1,INR 253,22 Seats available
Kozhikode to Thrissur,https://www.redbus.in/bus-tickets/kozhikode-to-thrissur,KSRTC (Kerala) - 503,Super Express Non AC Seater Air Bus (2+2),17:42,02h 58m,20:40,3.1,INR 216,29 Seats available
Kozhikode to Thrissur,https://www.redbus.in/bus-tickets/kozhikode-to-thrissur,KSRTC (Kerala) - 556,Super Express Non AC Seater Air Bus (2+2),18:00,02h 50m,20:50,3.1,INR 216,30 Seats available
Kozhikode to Thrissur,https://www.redbus.in/bus-tickets/kozhikode-to-thrissur,KSRTC (Kerala) - 1872,Low Floor AC Seater 2+2,18:30,03h 05m,21:35,2.2,INR 253,12 Seats available
Kozhikode to Thrissur,https://www.redbus.in/bus-tickets/kozhikode-to-thrissur,KSRTC (Kerala) - 48,Swift Deluxe Non AC Air Bus (2+2),19:00,02h 35m,21:35,3.1,INR 216,26 Seats available
Kozhikode to Thrissur,https://www.redbus.in/bus-tickets/kozhikode-to-thrissur,KSRTC (Kerala) - 814,Super Fast Non AC Seater (2+3),19:15,03h 30m,22:45,3.1,INR 181,49 Seats available
Kozhikode to Thrissur,https://www.redbus.in/bus-tickets/kozhikode-to-thrissur,BLM Transports,A/C Sleeper (2+1),22:00,03h 00m,01:00,3.9,903,6 Seats available
Kozhikode to Thrissur,https://www.redbus.in/bus-tickets/kozhikode-to-thrissur,Madhavi Travels,A/C Sleeper (2+1),22:20,02h 50m,01:10,4.0,INR 949,15 Seats available
Kozhikode to Thrissur,https://www.redbus.in/bus-tickets/kozhikode-to-thrissur,Madhavi Travels,Volvo Multi-Axle I-Shift B11R Semi Sleeper (2+2),23:30,01h 40m,01:10,4.0,899,43 Seats available
Kozhikode to Thrissur,https://www.redbus.in/bus-tickets/kozhikode-to-thrissur,A1 Travels,Bharat Benz A/C Sleeper (2+1),23:30,02h 00m,01:30,3.3,INR 1000,33 Seats available
Kozhikode to Thrissur,https://www.redbus.in/bus-tickets/kozhikode-to-thrissur,Cochin Express,A/C Sleeper (2+1),23:59,03h 31m,03:30,4.0,INR 850,10 Seats available
Kozhikode to Thrissur,https://www.redbus.in/bus-tickets/kozhikode-to-thrissur,Kalpaka Travels 1,A/C Semi Sleeper (2+2),23:59,03h 41m,03:40,4.0,INR 600,36 Seats available
Kozhikode to Thrissur,https://www.redbus.in/bus-tickets/kozhikode-to-thrissur,Cochin Express,Volvo Multi-Axle B9R A/c Semi Sleeper (2+2),23:59,03h 31m,03:30,4.0,INR 667,23 Seats available
Kozhikode to Thrissur,https://www.redbus.in/bus-tickets/kozhikode-to-thrissur,Arya Travels,A/C Sleeper (2+1),23:59,03h 16m,03:15,3.1,INR 795,21 Seats available
Kozhikode to Thrissur,https://www.redbus.in/bus-tickets/kozhikode-to-thrissur,Kalpaka Travels 1,A/C Sleeper (2+1),23:59,03h 46m,03:45,4.0,INR 800,28 Seats available
Kozhikode to Thrissur,https://www.redbus.in/bus-tickets/kozhikode-to-thrissur,Arya Travels,Volvo Multi-Axle A/C Semi Sleeper (2+2),23:59,03h 31m,03:30,3.1,INR 645,26 Seats available
Thiruvananthapuram to Kozhikode,https://www.redbus.in/bus-tickets/thiruvananthapuram-to-kozhikode,KSRTC (Kerala) - 570,Super Express Non AC Seater Air Bus (2+2),16:45,09h 00m,01:45,3.1,INR 586,37 Seats available
Thiruvananthapuram to Kozhikode,https://www.redbus.in/bus-tickets/thiruvananthapuram-to-kozhikode,KSRTC (Kerala) - 1842,Low Floor AC Seater 2+2,17:00,10h 10m,03:10,3.1,INR 723,27 Seats available
Thiruvananthapuram to Kozhikode,https://www.redbus.in/bus-tickets/thiruvananthapuram-to-kozhikode,KSRTC (Kerala) - 431,Super Fast Non AC Seater (2+3),17:15,11h 30m,04:45,3.1,INR 515,47 Seats available
Thiruvananthapuram to Kozhikode,https://www.redbus.in/bus-tickets/thiruvananthapuram-to-kozhikode,KSRTC (Kerala) - 368,AC MULTI AXLE,17:25,09h 40m,03:05,3.1,INR 935,21 Seats available
Thiruvananthapuram to Kozhikode,https://www.redbus.in/bus-tickets/thiruvananthapuram-to-kozhikode,KSRTC (Kerala) - 43,Swift Deluxe Non AC Air Bus (2+2),17:40,09h 41m,03:21,3.1,INR 586,25 Seats available
Thiruvananthapuram to Kozhikode,https://www.redbus.in/bus-tickets/thiruvananthapuram-to-kozhikode,KSRTC (Kerala) - 1845,Low Floor AC Seater 2+2,18:00,10h 10m,04:10,3.1,INR 742,24 Seats available
Thiruvananthapuram to Kozhikode,https://www.redbus.in/bus-tickets/thiruvananthapuram-to-kozhikode,KSRTC (Kerala) - 1199,Super Express Non AC Seater Air Bus (2+2),18:11,09h 54m,04:05,3.1,INR 565,32 Seats available
Thiruvananthapuram to Kozhikode,https://www.redbus.in/bus-tickets/thiruvananthapuram-to-kozhikode,KSRTC (Kerala) - 47,Swift Deluxe Non AC Air Bus (2+2),18:30,09h 22m,03:52,3.1,INR 586,32 Seats available
Thiruvananthapuram to Kozhikode,https://www.redbus.in/bus-tickets/thiruvananthapuram-to-kozhikode,KSRTC (Kerala) - 2364,Low Floor AC Seater 2+2,19:00,10h 10m,05:10,3.1,INR 723,24 Seats available
Thiruvananthapuram to Kozhikode,https://www.redbus.in/bus-tickets/thiruvananthapuram-to-kozhikode,KSRTC (Kerala) - 49,Swift Deluxe Non AC Air Bus (2+2),19:10,09h 10m,04:20,3.1,INR 565,26 Seats available
Thiruvananthapuram to Kozhikode,https://www.redbus.in/bus-tickets/thiruvananthapuram-to-kozhikode,KSRTC (Kerala) - 425,Super Express Non AC Seater Air Bus (2+2),19:15,08h 55m,04:10,3.1,INR 545,29 Seats available
Thiruvananthapuram to Kozhikode,https://www.redbus.in/bus-tickets/thiruvananthapuram-to-kozhikode,KSRTC (Kerala) - 2383,Low Floor AC Seater 2+2,20:00,10h 10m,06:10,3.1,INR 742,30 Seats available
Thiruvananthapuram to Kozhikode,https://www.redbus.in/bus-tickets/thiruvananthapuram-to-kozhikode,KSRTC (Kerala) - 507,Super Express Non AC Seater Air Bus (2+2),20:00,07h 35m,03:35,3.1,INR 565,30 Seats available
Thiruvananthapuram to Kozhikode,https://www.redbus.in/bus-tickets/thiruvananthapuram-to-kozhikode,KSRTC (Kerala) - 528,Super Express Non AC Seater Air Bus (2+2),20:45,07h 55m,04:40,4.1,INR 586,35 Seats available
Thiruvananthapuram to Kozhikode,https://www.redbus.in/bus-tickets/thiruvananthapuram-to-kozhikode,KSRTC (Kerala) - 1855,Low Floor AC Seater 2+2,21:00,10h 00m,07:00,3.1,INR 723,15 Seats available
Thiruvananthapuram to Kozhikode,https://www.redbus.in/bus-tickets/thiruvananthapuram-to-kozhikode,KSRTC (Kerala) - 1124,Super Express Non AC Seater Air Bus (2+2),21:01,08h 44m,05:45,2.3,INR 586,37 Seats available
Thiruvananthapuram to Kozhikode,https://www.redbus.in/bus-tickets/thiruvananthapuram-to-kozhikode,KSRTC (Kerala) - 45,Swift Deluxe Non AC Air Bus (2+2),21:10,09h 03m,06:13,3.0,INR 565,27 Seats available
Thiruvananthapuram to Kozhikode,https://www.redbus.in/bus-tickets/thiruvananthapuram-to-kozhikode,KSRTC (Kerala) - 1858,Low Floor AC Seater 2+2,22:00,09h 50m,07:50,2.4,INR 742,25 Seats available
Thiruvananthapuram to Kozhikode,https://www.redbus.in/bus-tickets/thiruvananthapuram-to-kozhikode,KSRTC (Kerala) - 325,Super Fast Non AC Seater (2+3),22:05,10h 30m,08:35,4.3,INR 515,40 Seats available
Thiruvananthapuram to Kozhikode,https://www.redbus.in/bus-tickets/thiruvananthapuram-to-kozhikode,KSRTC (Kerala) - 2026,Super Express Non AC Seater Air Bus (2+2),22:35,09h 27m,08:02,3.1,INR 565,34 Seats available
Thiruvananthapuram to Kozhikode,https://www.redbus.in/bus-tickets/thiruvananthapuram-to-kozhikode,KSRTC (Kerala) - 2366,Low Floor AC Seater 2+2,23:00,10h 15m,09:15,3.1,INR 723,24 Seats available
Thiruvananthapuram to Kozhikode,https://www.redbus.in/bus-tickets/thiruvananthapuram-to-kozhikode,KSRTC (Kerala) - 500,Super Express Non AC Seater Air Bus (2+2),23:45,07h 40m,07:25,3.1,INR 586,37 Seats available
Thiruvananthapuram to Kozhikode,https://www.redbus.in/bus-tickets/thiruvananthapuram-to-kozhikode,BLM Transports,A/C Sleeper (2+1),20:15,08h 45m,05:00,4.4,903,22 Seats available
Thiruvananthapuram to Kozhikode,https://www.redbus.in/bus-tickets/thiruvananthapuram-to-kozhikode,Madhavi Travels,A/C Sleeper (2+1),19:50,08h 40m,04:30,4.4,902,11 Seats available
Thiruvananthapuram to Kozhikode,https://www.redbus.in/bus-tickets/thiruvananthapuram-to-kozhikode,Kallada Travels (Suresh Kallada),A/C Sleeper (2+1),18:01,10h 59m,05:00,3.2,INR 900,23 Seats available
Thiruvananthapuram to Kozhikode,https://www.redbus.in/bus-tickets/thiruvananthapuram-to-kozhikode,LIYAS TOURS,Bharat Benz A/C Sleeper (2+1),16:45,10h 55m,03:40,4.0,899,17 Seats available
Thiruvananthapuram to Kozhikode,https://www.redbus.in/bus-tickets/thiruvananthapuram-to-kozhikode,A1 Travels,A/C Seater / Sleeper (2+1),21:35,09h 25m,07:00,3.5,INR 600,42 Seats available
Thiruvananthapuram to Kozhikode,https://www.redbus.in/bus-tickets/thiruvananthapuram-to-kozhikode,A1 Travels,NON A/C Semi Sleeper (2+2),21:00,09h 30m,06:30,3.6,INR 550,30 Seats available
Thiruvananthapuram to Kozhikode,https://www.redbus.in/bus-tickets/thiruvananthapuram-to-kozhikode,Galaxy Tours,2+1 Air Suspension A/C Seater / Sleeper,21:00,09h 00m,06:00,3.4,INR 650,1 Seat available
Thiruvananthapuram to Kozhikode,https://www.redbus.in/bus-tickets/thiruvananthapuram-to-kozhikode,A1 Travels,Bharat Benz A/C Seater /Sleeper (2+1),20:15,09h 15m,05:30,3.2,INR 700,33 Seats available
Thiruvananthapuram to Kozhikode,https://www.redbus.in/bus-tickets/thiruvananthapuram-to-kozhikode,A1 Travels,Bharat Benz A/C Seater /Sleeper (2+1),20:30,08h 30m,05:00,2.9,INR 700,34 Seats available
Thiruvananthapuram to Kozhikode,https://www.redbus.in/bus-tickets/thiruvananthapuram-to-kozhikode,A1 Travels,Bharat Benz A/C Sleeper (2+1),19:00,09h 00m,04:00,2.7,INR 900,32 Seats available
Thiruvananthapuram to Kozhikode,https://www.redbus.in/bus-tickets/thiruvananthapuram-to-kozhikode,EMERALD TRAVELS,Bharat Benz A/C Semi Sleeper (2+2),19:30,09h 00m,04:30,1.9,INR 800,1 Seat available
Thiruvananthapuram to Kozhikode,https://www.redbus.in/bus-tickets/thiruvananthapuram-to-kozhikode,KP Travels,A/C Seater Push Back (2+2),21:00,08h 00m,05:00,1.6,INR 1299,33 Seats available
Thiruvananthapuram to Kozhikode,https://www.redbus.in/bus-tickets/thiruvananthapuram-to-kozhikode,EMERALD TRAVELS,A/C Sleeper (2+1),19:30,09h 00m,04:30,1.9,INR 900,19 Seats available
Bangalore to Kannur,https://www.redbus.in/bus-tickets/bangalore-to-kannur,KSRTC (Kerala) - 136,Swift Deluxe Non AC Air Bus (2+2),20:30,07h 55m,04:25,2.8,INR 568,10 Seats available
Bangalore to Kannur,https://www.redbus.in/bus-tickets/bangalore-to-kannur,KSRTC (Kerala) - 101,Swift Deluxe Non AC Air Bus (2+2),21:16,06h 49m,04:05,4.2,INR 548,1 Seat available
Bangalore to Kannur,https://www.redbus.in/bus-tickets/bangalore-to-kannur,KSRTC (Kerala) - 98,Swift Deluxe Non AC Air Bus (2+2),21:30,08h 15m,05:45,3.8,INR 579,4 Seats available
Bangalore to Kannur,https://www.redbus.in/bus-tickets/bangalore-to-kannur,MMK Travels,A/C Sleeper (2+1),22:15,07h 15m,05:30,4.5,INR 999,10 Seats available
Bangalore to Kannur,https://www.redbus.in/bus-tickets/bangalore-to-kannur,NS Transports,A/C Sleeper (2+1),22:15,07h 20m,05:35,4.5,INR 1049,5 Seats available
Bangalore to Kannur,https://www.redbus.in/bus-tickets/bangalore-to-kannur,Kalpaka Travels,A/C Sleeper (2+1),22:10,06h 50m,05:00,4.5,INR 1000,5 Seats available
Bangalore to Kannur,https://www.redbus.in/bus-tickets/bangalore-to-kannur,AdSAAM BUS,Bharat Benz A/C Sleeper (2+1),20:10,08h 35m,04:45,4.2,INR 900,3 Seats available
Bangalore to Kannur,https://www.redbus.in/bus-tickets/bangalore-to-kannur,GOLDEN TRAVEL AGENCIES,Volvo A/C Semi Sleeper (2+2),22:45,06h 00m,04:45,4.4,INR 1000,5 Seats available
Bangalore to Kannur,https://www.redbus.in/bus-tickets/bangalore-to-kannur,GOLDEN TRAVEL AGENCIES,NON A/C Sleeper (2+1),22:30,06h 15m,04:45,4.2,INR 900,3 Seats available
Bangalore to Kannur,https://www.redbus.in/bus-tickets/bangalore-to-kannur,GOLDEN TRAVEL AGENCIES,A/C Sleeper (2+1),21:45,07h 40m,05:25,4.2,INR 999,2 Seats available
Bangalore to Kannur,https://www.redbus.in/bus-tickets/bangalore-to-kannur,NS Transports,Non A/C Seater / Sleeper (2+1),22:00,08h 00m,06:00,4.0,INR 800,3 Seats available
Bangalore to Kannur,https://www.redbus.in/bus-tickets/bangalore-to-kannur,NS Transports,NON A/C Sleeper (2+1),22:45,06h 35m,05:20,4.4,INR 899,2 Seats available
Bangalore to Kannur,https://www.redbus.in/bus-tickets/bangalore-to-kannur,Sugama Tourist,A/C Sleeper (2+1),22:00,07h 30m,05:30,3.9,INR 900,5 Seats available
Bangalore to Kannur,https://www.redbus.in/bus-tickets/bangalore-to-kannur,P K Travels,NON A/C Semi Sleeper (2+2),21:45,07h 15m,05:00,4.1,INR 700,27 Seats available
Bangalore to Kannur,https://www.redbus.in/bus-tickets/bangalore-to-kannur,Ashoka Travel and Logistics,A/C Semi Sleeper (2+2),22:30,07h 15m,05:45,3.6,INR 900,17 Seats available
Bangalore to Kannur,https://www.redbus.in/bus-tickets/bangalore-to-kannur,Kalpaka Travels,NON A/C Seater/ Sleeper (2+1),21:45,07h 35m,05:20,3.9,INR 700,10 Seats available
Bangalore to Kannur,https://www.redbus.in/bus-tickets/bangalore-to-kannur,Ashoka Travel and Logistics,NON A/C Semi Sleeper (2+2),22:00,07h 30m,05:30,3.3,INR 800,21 Seats available
Bangalore to Kannur,https://www.redbus.in/bus-tickets/bangalore-to-kannur,National travels and logistics,Non A/C Seater / Sleeper (2+1),22:40,07h 05m,05:45,3.4,649,16 Seats available
Bangalore to Kannur,https://www.redbus.in/bus-tickets/bangalore-to-kannur,Arya Travels,A/C Sleeper (2+1),19:45,09h 25m,05:10,3.3,INR 1095,16 Seats available
Bangalore to Kannur,https://www.redbus.in/bus-tickets/bangalore-to-kannur,Kalpaka Travels,NON A/C Seater/ Sleeper (2+1),22:00,07h 00m,05:00,4.8,INR 800,3 Seats available
Bangalore to Kannur,https://www.redbus.in/bus-tickets/bangalore-to-kannur,P K Travels,A/C Sleeper (2+1),22:15,07h 15m,05:30,3.8,INR 1000,14 Seats available
Bangalore to Kannur,https://www.redbus.in/bus-tickets/bangalore-to-kannur,Arya Travels,NON A/C Semi Sleeper (2+2),21:55,07h 05m,05:00,3.3,INR 845,11 Seats available
Bangalore to Kannur,https://www.redbus.in/bus-tickets/bangalore-to-kannur,Kalpaka Travels,NON A/C Semi Sleeper (2+2),21:30,08h 15m,05:45,3.3,INR 700,24 Seats available
Kozhikode to Kottayam,https://www.redbus.in/bus-tickets/kozhikode-to-kottayam,KSRTC (Kerala) - 726,Super Fast Non AC Seater (2+3),17:00,07h 05m,00:05,1.6,INR 332,50 Seats available
Kozhikode to Kottayam,https://www.redbus.in/bus-tickets/kozhikode-to-kottayam,KSRTC (Kerala) - 1862,Low Floor AC Seater 2+2,17:30,06h 55m,00:25,2.1,INR 475,21 Seats available
Kozhikode to Kottayam,https://www.redbus.in/bus-tickets/kozhikode-to-kottayam,KSRTC (Kerala) - 48,Swift Deluxe Non AC Air Bus (2+2),19:00,05h 40m,00:40,2.4,INR 381,22 Seats available
Kozhikode to Kottayam,https://www.redbus.in/bus-tickets/kozhikode-to-kottayam,KSRTC (Kerala) - 2372,Low Floor AC Seater 2+2,19:30,05h 40m,01:10,2.5,INR 475,13 Seats available
Kozhikode to Kottayam,https://www.redbus.in/bus-tickets/kozhikode-to-kottayam,KSRTC (Kerala) - 2206,Super Express Non AC Seater Air Bus (2+2),20:34,05h 50m,02:24,2.5,INR 381,32 Seats available
Kozhikode to Kottayam,https://www.redbus.in/bus-tickets/kozhikode-to-kottayam,KSRTC (Kerala) - 567,Super Express Non AC Seater Air Bus (2+2),20:40,06h 49m,03:29,2.5,INR 360,29 Seats available
Kozhikode to Kottayam,https://www.redbus.in/bus-tickets/kozhikode-to-kottayam,KSRTC (Kerala) - 1880,Low Floor AC Seater 2+2,21:30,06h 35m,04:05,2.5,INR 475,25 Seats available
Kozhikode to Kottayam,https://www.redbus.in/bus-tickets/kozhikode-to-kottayam,KSRTC (Kerala) - 344,Super Fast Non AC Seater (2+3),21:45,06h 40m,04:25,2.5,INR 332,43 Seats available
Kozhikode to Kottayam,https://www.redbus.in/bus-tickets/kozhikode-to-kottayam,KSRTC (Kerala) - 44,Swift Deluxe Non AC Air Bus (2+2),21:50,05h 55m,03:45,2.5,INR 381,25 Seats available
Kozhikode to Kottayam,https://www.redbus.in/bus-tickets/kozhikode-to-kottayam,KSRTC (Kerala) - 560,Super Express Non AC Seater Air Bus (2+2),22:10,06h 20m,04:30,3.2,INR 381,26 Seats available
Kozhikode to Kottayam,https://www.redbus.in/bus-tickets/kozhikode-to-kottayam,KSRTC (Kerala) - 2743,Super Express Non AC Seater Air Bus (2+2),22:20,06h 25m,04:45,2.5,INR 381,25 Seats available
Kozhikode to Kottayam,https://www.redbus.in/bus-tickets/kozhikode-to-kottayam,KSRTC (Kerala) - 1200,Super Express Non AC Seater Air Bus (2+2),22:35,06h 25m,05:00,2.5,INR 381,24 Seats available
Kozhikode to Kottayam,https://www.redbus.in/bus-tickets/kozhikode-to-kottayam,KSRTC (Kerala) - 1704,Super Fast Non AC Seater (2+3),22:40,07h 01m,05:41,2.5,INR 341,39 Seats available
Kozhikode to Kottayam,https://www.redbus.in/bus-tickets/kozhikode-to-kottayam,KSRTC (Kerala) - 582,Super Express Non AC Seater Air Bus (2+2),22:40,06h 35m,05:15,2.5,INR 370,21 Seats available
Kozhikode to Kottayam,https://www.redbus.in/bus-tickets/kozhikode-to-kottayam,KSRTC (Kerala) - 2784,Super Express Non AC Seater Air Bus (2+2),23:20,07h 10m,06:30,2.5,INR 386,29 Seats available
Kozhikode to Kottayam,https://www.redbus.in/bus-tickets/kozhikode-to-kottayam,KSRTC (Kerala) - 673,Super Fast Non AC Seater (2+3),23:25,06h 30m,05:55,2.8,INR 332,36 Seats available
Kozhikode to Kottayam,https://www.redbus.in/bus-tickets/kozhikode-to-kottayam,KSRTC (Kerala) - 1843,Low Floor AC Seater 2+2,23:30,06h 20m,05:50,2.4,INR 475,22 Seats available
Kozhikode to Kottayam,https://www.redbus.in/bus-tickets/kozhikode-to-kottayam,KSRTC (Kerala) - 1963,Super Fast Non AC Seater (2+3),23:45,06h 15m,06:00,2.5,INR 332,48 Seats available
Kozhikode to Kottayam,https://www.redbus.in/bus-tickets/kozhikode-to-kottayam,KSRTC (Kerala) - 505,Super Express Non AC Seater Air Bus (2+2),23:59,04h 46m,04:45,2.3,INR 381,32 Seats available
Kozhikode to Kottayam,https://www.redbus.in/bus-tickets/kozhikode-to-kottayam,Sonia Travels,A/C Semi Sleeper (2+2),23:45,06h 40m,06:25,4.3,INR 750,31 Seats available
Kozhikode to Kottayam,https://www.redbus.in/bus-tickets/kozhikode-to-kottayam,A1 Travels,A/C Seater / Sleeper (2+1),20:05,06h 55m,03:00,4.1,INR 700,20 Seats available
Kozhikode to Kottayam,https://www.redbus.in/bus-tickets/kozhikode-to-kottayam,Sonia Travels,A/C Seater/Sleeper (2+1),23:30,06h 45m,06:15,4.3,INR 750,23 Seats available
Kannur to Bangalore,https://www.redbus.in/bus-tickets/kannur-to-bangalore,KSRTC (Kerala) - 100,Swift Deluxe Non AC Air Bus (2+2),19:03,07h 18m,02:21,4.5,INR 548,37 Seats available
Kannur to Bangalore,https://www.redbus.in/bus-tickets/kannur-to-bangalore,KSRTC (Kerala) - 1766,Super Express Non AC Seater Air Bus (2+2),20:16,08h 25m,04:41,4.0,INR 568,33 Seats available
Kannur to Bangalore,https://www.redbus.in/bus-tickets/kannur-to-bangalore,KSRTC (Kerala) - 133,Swift Deluxe Non AC Air Bus (2+2),21:00,08h 15m,05:15,4.1,INR 568,21 Seats available
Kannur to Bangalore,https://www.redbus.in/bus-tickets/kannur-to-bangalore,KSRTC (Kerala) - 99,Swift Deluxe Non AC Air Bus (2+2),21:30,08h 30m,06:00,3.6,INR 579,4 Seats available
Kannur to Bangalore,https://www.redbus.in/bus-tickets/kannur-to-bangalore,NS Transports,A/C Sleeper (2+1),21:15,08h 15m,05:30,4.6,INR 949,10 Seats available
Kannur to Bangalore,https://www.redbus.in/bus-tickets/kannur-to-bangalore,Ashoka Travel and Logistics,A/C Sleeper (2+1),21:15,08h 15m,05:30,4.5,INR 1000,11 Seats available
Kannur to Bangalore,https://www.redbus.in/bus-tickets/kannur-to-bangalore,MMK Travels,A/C Sleeper (2+1),21:30,08h 30m,06:00,4.4,INR 850,11 Seats available
Kannur to Bangalore,https://www.redbus.in/bus-tickets/kannur-to-bangalore,NS Transports,NON A/C Sleeper (2+1),21:45,08h 00m,05:45,4.3,INR 749,13 Seats available
Kannur to Bangalore,https://www.redbus.in/bus-tickets/kannur-to-bangalore,Kalpaka Travels 1,A/C Sleeper (2+1),21:45,07h 15m,05:00,4.1,INR 1000,19 Seats available
Kannur to Bangalore,https://www.redbus.in/bus-tickets/kannur-to-bangalore,NS Transports,Non A/C Seater / Sleeper (2+1),20:30,08h 50m,05:20,4.0,INR 699,8 Seats available
Kannur to Bangalore,https://www.redbus.in/bus-tickets/kannur-to-bangalore,Sugama Tourist,A/C Sleeper (2+1),22:00,07h 30m,05:30,3.8,INR 800,21 Seats available
Kannur to Bangalore,https://www.redbus.in/bus-tickets/kannur-to-bangalore,Ashoka Travel and Logistics,A/C Semi Sleeper (2+2),21:00,08h 15m,05:15,3.8,INR 900,27 Seats available
Kannur to Bangalore,https://www.redbus.in/bus-tickets/kannur-to-bangalore,SAAM BUS,Bharat Benz A/C Sleeper (2+1),22:00,08h 00m,06:00,4.4,INR 850,16 Seats available
Kannur to Bangalore,https://www.redbus.in/bus-tickets/kannur-to-bangalore,National travels and logistics,Non A/C Seater / Sleeper (2+1),21:15,08h 15m,05:30,3.6,449,15 Seats available
Kannur to Bangalore,https://www.redbus.in/bus-tickets/kannur-to-bangalore,Kalpaka Travels 1,NON A/C Seater/ Sleeper (2+1),21:30,07h 30m,05:00,4.8,INR 700,15 Seats available
Kannur to Bangalore,https://www.redbus.in/bus-tickets/kannur-to-bangalore,Arya Travels,A/C Sleeper (2+1),21:20,08h 10m,05:30,3.5,INR 795,16 Seats available
Kannur to Bangalore,https://www.redbus.in/bus-tickets/kannur-to-bangalore,P K Travels,NON A/C Semi Sleeper (2+2),20:30,09h 45m,06:15,3.5,INR 700,26 Seats available
Kannur to Bangalore,https://www.redbus.in/bus-tickets/kannur-to-bangalore,Golden Travels,Volvo A/C Semi Sleeper (2+2),21:45,07h 05m,04:50,4.8,INR 899,14 Seats available
Kannur to Bangalore,https://www.redbus.in/bus-tickets/kannur-to-bangalore,Ashoka Travel and Logistics,NON A/C Semi Sleeper (2+2),21:30,07h 30m,05:00,3.7,INR 800,30 Seats available
Kannur to Bangalore,https://www.redbus.in/bus-tickets/kannur-to-bangalore,Kalpaka Travels 1,NON A/C Seater/ Sleeper (2+1),21:15,07h 45m,05:00,3.5,INR 700,17 Seats available
Kannur to Bangalore,https://www.redbus.in/bus-tickets/kannur-to-bangalore,Golden Travels,NON A/C Semi Sleeper (2+2),21:15,07h 45m,05:00,4.5,INR 799,11 Seats available
Kannur to Bangalore,https://www.redbus.in/bus-tickets/kannur-to-bangalore,Golden Travels,A/C Sleeper (2+1),21:45,07h 25m,05:10,3.8,INR 899,17 Seats available
Kannur to Bangalore,https://www.redbus.in/bus-tickets/kannur-to-bangalore,Golden Travels,NON A/C Sleeper (2+1),21:30,07h 30m,05:00,4.3,INR 799,17 Seats available
Kannur to Bangalore,https://www.redbus.in/bus-tickets/kannur-to-bangalore,P K Travels,A/C Sleeper (2+1),21:00,08h 00m,05:00,3.5,INR 900,17 Seats available
Kannur to Bangalore,https://www.redbus.in/bus-tickets/kannur-to-bangalore,Arya Travels,A/C Sleeper (2+1),21:25,08h 05m,05:30,2.9,INR 894,14 Seats available
Kannur to Bangalore,https://www.redbus.in/bus-tickets/kannur-to-bangalore,Kalpaka Travels 1,NON A/C Semi Sleeper (2+2),20:45,08h 15m,05:00,3.3,INR 700,21 Seats available
Kannur to Bangalore,https://www.redbus.in/bus-tickets/kannur-to-bangalore,Arya Travels,A/C Semi Sleeper (2+2),21:25,08h 05m,05:30,3.0,INR 745,25 Seats available
Kottayam to Kozhikode,https://www.redbus.in/bus-tickets/kottayam-to-kozhikode,KSRTC (Kerala) - 1877,Low Floor AC Seater 2+2,16:30,06h 50m,23:20,3.3,INR 475,25 Seats available
Kottayam to Kozhikode,https://www.redbus.in/bus-tickets/kottayam-to-kozhikode,KSRTC (Kerala) - 1962,Super Fast Non AC Seater (2+3),17:00,06h 59m,23:59,3.3,INR 332,47 Seats available
Kottayam to Kozhikode,https://www.redbus.in/bus-tickets/kottayam-to-kozhikode,KSRTC (Kerala) - 2783,Super Express Non AC Seater Air Bus (2+2),17:30,07h 30m,01:00,3.3,INR 386,18 Seats available
Kottayam to Kozhikode,https://www.redbus.in/bus-tickets/kottayam-to-kozhikode,KSRTC (Kerala) - 542,Super Express Non AC Seater Air Bus (2+2),17:30,07h 30m,01:00,3.3,INR 386,39 Seats available
Kottayam to Kozhikode,https://www.redbus.in/bus-tickets/kottayam-to-kozhikode,KSRTC (Kerala) - 1703,Super Fast Non AC Seater (2+3),17:40,07h 45m,01:25,3.3,INR 341,39 Seats available
Kottayam to Kozhikode,https://www.redbus.in/bus-tickets/kottayam-to-kozhikode,KSRTC (Kerala) - 561,Super Express Non AC Seater Air Bus (2+2),18:00,06h 50m,00:50,3.3,INR 360,21 Seats available
Kottayam to Kozhikode,https://www.redbus.in/bus-tickets/kottayam-to-kozhikode,KSRTC (Kerala) - 125,Super Deluxe Non AC Seater Air Bus (2+2),18:05,05h 30m,23:35,3.3,INR 381,41 Seats available
Kottayam to Kozhikode,https://www.redbus.in/bus-tickets/kottayam-to-kozhikode,KSRTC (Kerala) - 2131,Super Express Non AC Seater Air Bus (2+2),18:30,07h 20m,01:50,3.3,INR 370,15 Seats available
Kottayam to Kozhikode,https://www.redbus.in/bus-tickets/kottayam-to-kozhikode,KSRTC (Kerala) - 475,Super Express Non AC Seater Air Bus (2+2),18:45,05h 50m,00:35,3.3,INR 381,30 Seats available
Kottayam to Kozhikode,https://www.redbus.in/bus-tickets/kottayam-to-kozhikode,KSRTC (Kerala) - 2388,Low Floor AC Seater 2+2,18:50,06h 40m,01:30,3.3,INR 475,26 Seats available
Kottayam to Kozhikode,https://www.redbus.in/bus-tickets/kottayam-to-kozhikode,KSRTC (Kerala) - 1377,AC MULTI AXLE,19:05,06h 05m,01:10,1.8,INR 606,30 Seats available
Kottayam to Kozhikode,https://www.redbus.in/bus-tickets/kottayam-to-kozhikode,KSRTC (Kerala) - 1106,SWIFT-HYBRID NON AC SEATER CUM SLEEPER,19:40,07h 10m,02:50,3.3,INR 381,29 Seats available
Kottayam to Kozhikode,https://www.redbus.in/bus-tickets/kottayam-to-kozhikode,KSRTC (Kerala) - 559,Super Express Non AC Seater Air Bus (2+2),19:46,06h 24m,02:10,3.3,INR 381,26 Seats available
Kottayam to Kozhikode,https://www.redbus.in/bus-tickets/kottayam-to-kozhikode,KSRTC (Kerala) - 1028,Super Fast Non AC Seater (2+3),20:10,07h 20m,03:30,3.3,INR 355,43 Seats available
Kottayam to Kozhikode,https://www.redbus.in/bus-tickets/kottayam-to-kozhikode,KSRTC (Kerala) - 2071,Super Express Non AC Seater Air Bus (2+2),20:30,06h 00m,02:30,3.3,INR 350,27 Seats available
Kottayam to Kozhikode,https://www.redbus.in/bus-tickets/kottayam-to-kozhikode,KSRTC (Kerala) - 1842,Low Floor AC Seater 2+2,20:55,06h 15m,03:10,3.3,INR 475,28 Seats available
Kottayam to Kozhikode,https://www.redbus.in/bus-tickets/kottayam-to-kozhikode,KSRTC (Kerala) - 852,Super Fast Non AC Seater (2+3),21:00,06h 30m,03:30,3.3,INR 332,46 Seats available
Kottayam to Kozhikode,https://www.redbus.in/bus-tickets/kottayam-to-kozhikode,KSRTC (Kerala) - 377,AC MULTI AXLE,21:14,05h 35m,02:49,2.6,INR 606,48 Seats available
Kottayam to Kozhikode,https://www.redbus.in/bus-tickets/kottayam-to-kozhikode,KSRTC (Kerala) - 847,Super Fast Non AC Seater (2+3),21:15,06h 30m,03:45,3.3,INR 332,52 Seats available
Kottayam to Kozhikode,https://www.redbus.in/bus-tickets/kottayam-to-kozhikode,KSRTC (Kerala) - 862,Super Fast Non AC Seater (2+3),21:20,07h 20m,04:40,3.3,INR 332,50 Seats available
Kottayam to Kozhikode,https://www.redbus.in/bus-tickets/kottayam-to-kozhikode,KSRTC (Kerala) - 523,Super Express Non AC Seater Air Bus (2+2),21:30,04h 50m,02:20,3.4,INR 381,35 Seats available
Kottayam to Kozhikode,https://www.redbus.in/bus-tickets/kottayam-to-kozhikode,KSRTC (Kerala) - 91,Swift Deluxe Non AC Air Bus (2+2),21:35,05h 50m,03:25,3.3,INR 381,26 Seats available
Kottayam to Kozhikode,https://www.redbus.in/bus-tickets/kottayam-to-kozhikode,KSRTC (Kerala) - 672,Super Fast Non AC Seater (2+3),21:50,06h 25m,04:15,3.1,INR 332,50 Seats available
Kottayam to Kozhikode,https://www.redbus.in/bus-tickets/kottayam-to-kozhikode,KSRTC (Kerala) - 1199,Super Express Non AC Seater Air Bus (2+2),21:55,06h 10m,04:05,3.3,INR 381,31 Seats available
Kottayam to Kozhikode,https://www.redbus.in/bus-tickets/kottayam-to-kozhikode,KSRTC (Kerala) - 49,Swift Deluxe Non AC Air Bus (2+2),22:20,06h 00m,04:20,2.9,INR 381,22 Seats available
Kottayam to Kozhikode,https://www.redbus.in/bus-tickets/kottayam-to-kozhikode,KSRTC (Kerala) - 2364,Low Floor AC Seater 2+2,22:40,06h 30m,05:10,3.3,INR 475,24 Seats available
Kottayam to Kozhikode,https://www.redbus.in/bus-tickets/kottayam-to-kozhikode,KSRTC (Kerala) - 507,Super Express Non AC Seater Air Bus (2+2),22:50,04h 45m,03:35,3.3,INR 381,25 Seats available
Kottayam to Kozhikode,https://www.redbus.in/bus-tickets/kottayam-to-kozhikode,KSRTC (Kerala) - 2690,Super Fast Non AC Seater (2+3),23:06,06h 24m,05:30,3.3,INR 332,49 Seats available
Kottayam to Kozhikode,https://www.redbus.in/bus-tickets/kottayam-to-kozhikode,Sonia Travels,A/C Seater/Sleeper (2+1),19:15,07h 14m,02:29,3.8,INR 750,31 Seats available
Kottayam to Kozhikode,https://www.redbus.in/bus-tickets/kottayam-to-kozhikode,Ubc travels,A/C Seater/Sleeper (2+1),18:00,09h 00m,03:00,3.8,INR 900,38 Seats available
Kottayam to Kozhikode,https://www.redbus.in/bus-tickets/kottayam-to-kozhikode,EMERALD TRAVELS,Bharat Benz A/C Semi Sleeper (2+2),23:00,05h 30m,04:30,3.2,INR 800,1 Seat available
Kottayam to Kozhikode,https://www.redbus.in/bus-tickets/kottayam-to-kozhikode,A1 Travels,A/C Seater / Sleeper (2+1),23:59,07h 01m,07:00,2.8,INR 600,42 Seats available
Kottayam to Kozhikode,https://www.redbus.in/bus-tickets/kottayam-to-kozhikode,Ubc travels,A/C Semi Sleeper (2+2),17:30,07h 30m,01:00,3.8,INR 700,38 Seats available
Kottayam to Kozhikode,https://www.redbus.in/bus-tickets/kottayam-to-kozhikode,Sonia Travels,A/C Semi Sleeper (2+2),18:30,08h 00m,02:30,3.8,INR 750,13 Seats available
Kottayam to Kozhikode,https://www.redbus.in/bus-tickets/kottayam-to-kozhikode,EMERALD TRAVELS,A/C Sleeper (2+1),23:00,05h 30m,04:30,3.2,INR 900,22 Seats available
Kottayam to Kozhikode,https://www.redbus.in/bus-tickets/kottayam-to-kozhikode,Jacobs Travels,A/C Semi Sleeper (2+2),18:30,08h 00m,02:30,2.9,INR 800,40 Seats available
Thrissur to Kozhikode,https://www.redbus.in/bus-tickets/thrissur-to-kozhikode,KSRTC (Kerala) - 2711,Super Fast Non AC Seater (2+3),18:10,03h 20m,21:30,3.0,INR 181,42 Seats available
Thrissur to Kozhikode,https://www.redbus.in/bus-tickets/thrissur-to-kozhikode,KSRTC (Kerala) - 765,Super Fast Non AC Seater (2+3),19:00,03h 20m,22:20,3.0,INR 181,49 Seats available
Thrissur to Kozhikode,https://www.redbus.in/bus-tickets/thrissur-to-kozhikode,KSRTC (Kerala) - 723,Super Fast Non AC Seater (2+3),19:15,03h 30m,22:45,3.0,INR 181,47 Seats available
Thrissur to Kozhikode,https://www.redbus.in/bus-tickets/thrissur-to-kozhikode,KSRTC (Kerala) - 549,Super Express Non AC Seater Air Bus (2+2),19:30,02h 45m,22:15,3.0,INR 216,7 Seats available
Thrissur to Kozhikode,https://www.redbus.in/bus-tickets/thrissur-to-kozhikode,KSRTC (Kerala) - 2572,Super Fast Non AC Seater (2+3),19:40,04h 10m,23:50,3.0,INR 174,41 Seats available
Thrissur to Kozhikode,https://www.redbus.in/bus-tickets/thrissur-to-kozhikode,KSRTC (Kerala) - 1902,Super Fast Non AC Seater (2+3),19:40,03h 20m,23:00,3.0,INR 181,44 Seats available
Thrissur to Kozhikode,https://www.redbus.in/bus-tickets/thrissur-to-kozhikode,KSRTC (Kerala) - 96,Swift Deluxe Non AC Air Bus (2+2),19:50,03h 15m,23:05,3.0,INR 216,29 Seats available
Thrissur to Kozhikode,https://www.redbus.in/bus-tickets/thrissur-to-kozhikode,KSRTC (Kerala) - 994,Super Fast Non AC Seater (2+3),20:00,04h 05m,00:05,3.0,INR 174,43 Seats available
Thrissur to Kozhikode,https://www.redbus.in/bus-tickets/thrissur-to-kozhikode,KSRTC (Kerala) - 2517,Swift Deluxe Non AC Air Bus (2+2),20:26,02h 50m,23:16,3.0,INR 216,29 Seats available
Thrissur to Kozhikode,https://www.redbus.in/bus-tickets/thrissur-to-kozhikode,KSRTC (Kerala) - 2569,Super Fast Non AC Seater (2+3),20:35,04h 00m,00:35,3.0,INR 174,42 Seats available
Thrissur to Kozhikode,https://www.redbus.in/bus-tickets/thrissur-to-kozhikode,KSRTC (Kerala) - 1962,Super Fast Non AC Seater (2+3),20:45,03h 14m,23:59,3.0,INR 181,46 Seats available
Thrissur to Kozhikode,https://www.redbus.in/bus-tickets/thrissur-to-kozhikode,KSRTC (Kerala) - 561,Super Express Non AC Seater Air Bus (2+2),21:35,03h 15m,00:50,3.0,INR 201,20 Seats available
Thrissur to Kozhikode,https://www.redbus.in/bus-tickets/thrissur-to-kozhikode,KSRTC (Kerala) - 475,Super Express Non AC Seater Air Bus (2+2),21:40,02h 55m,00:35,3.0,INR 216,33 Seats available
Thrissur to Kozhikode,https://www.redbus.in/bus-tickets/thrissur-to-kozhikode,KSRTC (Kerala) - 2723,Super Fast Non AC Seater (2+3),21:45,03h 25m,01:10,3.0,INR 174,36 Seats available
Thrissur to Kozhikode,https://www.redbus.in/bus-tickets/thrissur-to-kozhikode,KSRTC (Kerala) - 2783,Super Express Non AC Seater Air Bus (2+2),21:50,03h 10m,01:00,3.0,INR 201,22 Seats available
Thrissur to Kozhikode,https://www.redbus.in/bus-tickets/thrissur-to-kozhikode,KSRTC (Kerala) - 542,Super Express Non AC Seater Air Bus (2+2),21:50,03h 10m,01:00,3.0,INR 201,39 Seats available
Thrissur to Kozhikode,https://www.redbus.in/bus-tickets/thrissur-to-kozhikode,KSRTC (Kerala) - 594,Super Express Non AC Seater Air Bus (2+2),21:55,03h 30m,01:25,3.0,INR 201,15 Seats available
Thrissur to Kozhikode,https://www.redbus.in/bus-tickets/thrissur-to-kozhikode,KSRTC (Kerala) - 486,Super Express Non AC Seater Air Bus (2+2),22:00,02h 30m,00:30,3.0,INR 216,37 Seats available
Thrissur to Kozhikode,https://www.redbus.in/bus-tickets/thrissur-to-kozhikode,KSRTC (Kerala) - 819,Super Fast Non AC Seater (2+3),22:05,03h 40m,01:45,3.0,INR 181,48 Seats available
Thrissur to Kozhikode,https://www.redbus.in/bus-tickets/thrissur-to-kozhikode,KSRTC (Kerala) - 1955,Super Fast Non AC Seater (2+3),22:20,03h 15m,01:35,3.0,INR 181,29 Seats available
Thrissur to Kozhikode,https://www.redbus.in/bus-tickets/thrissur-to-kozhikode,KSRTC (Kerala) - 1377,AC MULTI AXLE,22:30,02h 40m,01:10,3.0,INR 340,31 Seats available
Thrissur to Kozhikode,https://www.redbus.in/bus-tickets/thrissur-to-kozhikode,KSRTC (Kerala) - 2131,Super Express Non AC Seater Air Bus (2+2),22:35,03h 15m,01:50,3.0,INR 201,13 Seats available
Thrissur to Kozhikode,https://www.redbus.in/bus-tickets/thrissur-to-kozhikode,KSRTC (Kerala) - 515,Super Express Non AC Seater Air Bus (2+2),22:55,02h 30m,01:25,3.0,INR 216,17 Seats available
Thrissur to Kozhikode,https://www.redbus.in/bus-tickets/thrissur-to-kozhikode,KSRTC (Kerala) - 811,Super Fast Non AC Seater (2+3),23:00,03h 20m,02:20,3.0,INR 181,50 Seats available
Thrissur to Kozhikode,https://www.redbus.in/bus-tickets/thrissur-to-kozhikode,KSRTC (Kerala) - 570,Super Express Non AC Seater Air Bus (2+2),23:05,02h 40m,01:45,3.0,INR 216,36 Seats available
Thrissur to Kozhikode,https://www.redbus.in/bus-tickets/thrissur-to-kozhikode,KSRTC (Kerala) - 559,Super Express Non AC Seater Air Bus (2+2),23:10,03h 00m,02:10,3.0,INR 216,24 Seats available
Thrissur to Kozhikode,https://www.redbus.in/bus-tickets/thrissur-to-kozhikode,KSRTC (Kerala) - 312,Super Fast Non AC Seater (2+3),23:15,03h 30m,02:45,3.0,INR 181,37 Seats available
Thrissur to Kozhikode,https://www.redbus.in/bus-tickets/thrissur-to-kozhikode,KSRTC (Kerala) - 1882,Low Floor AC Seater 2+2,23:25,03h 05m,02:30,3.0,INR 253,23 Seats available
Thrissur to Kozhikode,https://www.redbus.in/bus-tickets/thrissur-to-kozhikode,KSRTC (Kerala) - 1106,SWIFT-HYBRID NON AC SEATER CUM SLEEPER,23:25,03h 25m,02:50,3.0,INR 216,28 Seats available
Thrissur to Kozhikode,https://www.redbus.in/bus-tickets/thrissur-to-kozhikode,KSRTC (Kerala) - 585,Super Express Non AC Seater Air Bus (2+2),23:30,03h 25m,02:55,3.0,INR 201,27 Seats available
Thrissur to Kozhikode,https://www.redbus.in/bus-tickets/thrissur-to-kozhikode,KSRTC (Kerala) - 352,Super Fast Non AC Seater (2+3),23:45,03h 25m,03:10,3.0,INR 181,50 Seats available
Thrissur to Kozhikode,https://www.redbus.in/bus-tickets/thrissur-to-kozhikode,KSRTC (Kerala) - 915,Super Fast Non AC Seater (2+3),23:45,03h 25m,03:10,3.0,INR 174,26 Seats available
Thrissur to Kozhikode,https://www.redbus.in/bus-tickets/thrissur-to-kozhikode,Sheraton Tours and Travels,A/C Seater/Sleeper (2+1),22:27,03h 18m,01:45,4.2,480,48 Seats available
Thrissur to Kozhikode,https://www.redbus.in/bus-tickets/thrissur-to-kozhikode,Madhavi Travels,A/C Semi Sleeper (2+2),23:59,03h 36m,03:35,4.0,INR 499,19 Seats available
Thrissur to Kozhikode,https://www.redbus.in/bus-tickets/thrissur-to-kozhikode,Ubc travels,A/C Semi Sleeper (2+2),22:30,02h 30m,01:00,3.8,INR 700,33 Seats available
Thrissur to Kozhikode,https://www.redbus.in/bus-tickets/thrissur-to-kozhikode,Surya Connect,Volvo A/C Semi Sleeper (2+2),23:20,02h 50m,02:10,4.3,INR 580,26 Seats available
Thrissur to Kozhikode,https://www.redbus.in/bus-tickets/thrissur-to-kozhikode,Madhavi Travels,A/C Semi Sleeper (2+2),23:20,02h 55m,02:15,4.0,549,25 Seats available
Thrissur to Kozhikode,https://www.redbus.in/bus-tickets/thrissur-to-kozhikode,Ubc travels,A/C Seater/Sleeper (2+1),23:20,03h 40m,03:00,3.8,INR 900,47 Seats available
Thrissur to Kozhikode,https://www.redbus.in/bus-tickets/thrissur-to-kozhikode,Cochin Express,Volvo Multi-Axle B9R A/c Semi Sleeper (2+2),23:30,02h 50m,02:20,4.0,INR 700,40 Seats available
Thrissur to Kozhikode,https://www.redbus.in/bus-tickets/thrissur-to-kozhikode,UFO Bus,Volvo Multi-Axle B9R A/c Semi Sleeper (2+2),23:40,03h 05m,02:45,4.0,630,36 Seats available
Thrissur to Kozhikode,https://www.redbus.in/bus-tickets/thrissur-to-kozhikode,Kalpaka Travels 1,A/C Sleeper (2+1),23:40,02h 50m,02:30,4.0,INR 800,30 Seats available
Thrissur to Kozhikode,https://www.redbus.in/bus-tickets/thrissur-to-kozhikode,Cochin Express,A/C Sleeper (2+1),23:40,02h 50m,02:30,4.0,INR 900,11 Seats available
Thrissur to Kozhikode,https://www.redbus.in/bus-tickets/thrissur-to-kozhikode,Madhavi Travels,A/C Sleeper (2+1),23:45,02h 50m,02:35,4.0,INR 799,26 Seats available
Thrissur to Kozhikode,https://www.redbus.in/bus-tickets/thrissur-to-kozhikode,LIYAS TOURS,Bharat Benz A/C Sleeper (2+1),23:47,03h 53m,03:40,4.0,899,24 Seats available
Thrissur to Kozhikode,https://www.redbus.in/bus-tickets/thrissur-to-kozhikode,Madhavi Travels,A/C Semi Sleeper (2+2),23:50,03h 45m,03:35,4.0,INR 649,31 Seats available
Thrissur to Kozhikode,https://www.redbus.in/bus-tickets/thrissur-to-kozhikode,Kalpaka Travels 1,A/C Semi Sleeper (2+2),23:55,03h 05m,03:00,4.0,INR 600,40 Seats available
Thrissur to Kozhikode,https://www.redbus.in/bus-tickets/thrissur-to-kozhikode,Arya Travels,A/C Semi Sleeper (2+2),23:59,03h 31m,03:30,3.1,INR 599,24 Seats available
Thrissur to Kozhikode,https://www.redbus.in/bus-tickets/thrissur-to-kozhikode,Arya Travels,A/C Sleeper (2+1),23:59,03h 16m,03:15,3.1,INR 795,20 Seats available
Thrissur to Kozhikode,https://www.redbus.in/bus-tickets/thrissur-to-kozhikode,Arya Travels,Volvo Multi-Axle A/C Semi Sleeper (2+2),23:59,03h 17m,03:16,3.1,INR 695,22 Seats available
Thrissur to Kozhikode,https://www.redbus.in/bus-tickets/thrissur-to-kozhikode,Arya Travels,A/C Sleeper (2+1),23:59,03h 16m,03:15,3.1,INR 695,9 Seats available
Thrissur to Kozhikode,https://www.redbus.in/bus-tickets/thrissur-to-kozhikode,EMERALD TRAVELS,Bharat Benz A/C Semi Sleeper (2+2),02:30,02h 00m,04:30,3.1,INR 700,1 Seat available
Thrissur to Kozhikode,https://www.redbus.in/bus-tickets/thrissur-to-kozhikode,EMERALD TRAVELS,A/C Sleeper (2+1),02:30,02h 00m,04:30,3.1,INR 900,21 Seats available
Thrissur to Kozhikode,https://www.redbus.in/bus-tickets/thrissur-to-kozhikode,Galaxy Tours,2+1 Air Suspension A/C Seater / Sleeper,02:45,03h 15m,06:00,2.9,INR 650,1 Seat available
Kozhikode to Kalpetta (kerala),https://www.redbus.in/bus-tickets/kozhikode-to-kalpetta,KSRTC (Kerala) - 898,Super Fast Non AC Seater (2+3),16:30,02h 00m,18:30,4.1,INR 108,43 Seats available
Kozhikode to Kalpetta (kerala),https://www.redbus.in/bus-tickets/kozhikode-to-kalpetta,KSRTC (Kerala) - 549,Super Express Non AC Seater Air Bus (2+2),22:15,02h 35m,00:50,4.1,INR 145,5 Seats available
Kozhikode to Kalpetta (kerala),https://www.redbus.in/bus-tickets/kozhikode-to-kalpetta,KSRTC (Kerala) - 833,Super Fast Non AC Seater (2+3),22:15,02h 15m,00:30,4.1,INR 111,49 Seats available
Kozhikode to Kalpetta (kerala),https://www.redbus.in/bus-tickets/kozhikode-to-kalpetta,KSRTC (Kerala) - 719,Super Fast Non AC Seater (2+3),23:00,02h 00m,01:00,5.0,INR 111,41 Seats available
Coimbatore to Ooty,https://www.redbus.in/bus-tickets/coimbatore-to-ooty,KSRTC (Kerala) - 966,Super Fast Non AC Seater (2+3),19:00,02h 30m,21:30,4.0,INR 103,35 Seats available
Kalpetta (kerala) to Kozhikode,https://www.redbus.in/bus-tickets/kalpetta-to-kozhikode,KSRTC (Kerala) - 48,Swift Deluxe Non AC Air Bus (2+2),17:10,01h 50m,19:00,3.8,INR 145,19 Seats available
Kalpetta (kerala) to Kozhikode,https://www.redbus.in/bus-tickets/kalpetta-to-kozhikode,KSRTC (Kerala) - 814,Super Fast Non AC Seater (2+3),17:15,02h 00m,19:15,3.6,INR 111,49 Seats available
Kalpetta (kerala) to Kozhikode,https://www.redbus.in/bus-tickets/kalpetta-to-kozhikode,KSRTC (Kerala) - 1129,Super Fast Non AC Seater (2+3),17:31,02h 45m,20:16,2.7,INR 108,41 Seats available
Kalpetta (kerala) to Kozhikode,https://www.redbus.in/bus-tickets/kalpetta-to-kozhikode,KSRTC (Kerala) - 567,Super Express Non AC Seater Air Bus (2+2),18:01,02h 39m,20:40,3.6,INR 129,25 Seats available
Kalpetta (kerala) to Kozhikode,https://www.redbus.in/bus-tickets/kalpetta-to-kozhikode,KSRTC (Kerala) - 2206,Super Express Non AC Seater Air Bus (2+2),18:40,01h 54m,20:34,3.6,INR 134,39 Seats available
Kalpetta (kerala) to Kozhikode,https://www.redbus.in/bus-tickets/kalpetta-to-kozhikode,KSRTC (Kerala) - 42,Swift Deluxe Non AC Air Bus (2+2),18:55,02h 30m,21:25,3.6,INR 145,21 Seats available
Kalpetta (kerala) to Kozhikode,https://www.redbus.in/bus-tickets/kalpetta-to-kozhikode,KSRTC (Kerala) - 815,Super Fast Non AC Seater (2+3),19:20,01h 50m,21:10,3.6,INR 111,45 Seats available
Kalpetta (kerala) to Kozhikode,https://www.redbus.in/bus-tickets/kalpetta-to-kozhikode,KSRTC (Kerala) - 1378,AC MULTI AXLE,19:20,01h 30m,20:50,3.6,INR 227,9 Seats available
Kalpetta (kerala) to Kozhikode,https://www.redbus.in/bus-tickets/kalpetta-to-kozhikode,KSRTC (Kerala) - 1193,Super Fast Non AC Seater (2+3),19:35,02h 00m,21:35,3.6,INR 108,49 Seats available
Kalpetta (kerala) to Kozhikode,https://www.redbus.in/bus-tickets/kalpetta-to-kozhikode,KSRTC (Kerala) - 44,Swift Deluxe Non AC Air Bus (2+2),20:05,01h 45m,21:50,3.6,INR 145,32 Seats available
Kalpetta (kerala) to Kozhikode,https://www.redbus.in/bus-tickets/kalpetta-to-kozhikode,KSRTC (Kerala) - 781,Super Fast Non AC Seater (2+3),20:20,02h 25m,22:45,3.6,INR 111,47 Seats available
Kalpetta (kerala) to Kozhikode,https://www.redbus.in/bus-tickets/kalpetta-to-kozhikode,KSRTC (Kerala) - 1100,AC MULTI AXLE,20:30,01h 35m,22:05,3.6,INR 227,48 Seats available
Kalpetta (kerala) to Kozhikode,https://www.redbus.in/bus-tickets/kalpetta-to-kozhikode,KSRTC (Kerala) - 582,Super Express Non AC Seater Air Bus (2+2),20:30,02h 10m,22:40,3.6,INR 129,26 Seats available
Kalpetta (kerala) to Kozhikode,https://www.redbus.in/bus-tickets/kalpetta-to-kozhikode,KSRTC (Kerala) - 409,Super Express Non AC Seater Air Bus (2+2),20:30,01h 45m,22:15,3.6,INR 145,35 Seats available
Kalpetta (kerala) to Kozhikode,https://www.redbus.in/bus-tickets/kalpetta-to-kozhikode,KSRTC (Kerala) - 560,Super Express Non AC Seater Air Bus (2+2),20:35,01h 35m,22:10,3.6,INR 134,30 Seats available
Kalpetta (kerala) to Kozhikode,https://www.redbus.in/bus-tickets/kalpetta-to-kozhikode,KSRTC (Kerala) - 1200,Super Express Non AC Seater Air Bus (2+2),20:41,01h 54m,22:35,3.6,INR 134,27 Seats available
Kalpetta (kerala) to Kozhikode,https://www.redbus.in/bus-tickets/kalpetta-to-kozhikode,KSRTC (Kerala) - 798,Super Fast Non AC Seater (2+3),20:50,02h 10m,23:00,3.6,INR 111,46 Seats available
Kalpetta (kerala) to Kozhikode,https://www.redbus.in/bus-tickets/kalpetta-to-kozhikode,KSRTC (Kerala) - 370,AC MULTI AXLE,20:55,01h 25m,22:20,3.6,INR 227,25 Seats available
Kalpetta (kerala) to Kozhikode,https://www.redbus.in/bus-tickets/kalpetta-to-kozhikode,KSRTC (Kerala) - 129,SWIFT-GARUDA A/C SEATER BUS,21:05,01h 45m,22:50,3.6,INR 155,32 Seats available
Kalpetta (kerala) to Kozhikode,https://www.redbus.in/bus-tickets/kalpetta-to-kozhikode,KSRTC (Kerala) - 673,Super Fast Non AC Seater (2+3),21:10,02h 15m,23:25,3.6,INR 111,40 Seats available
Kalpetta (kerala) to Kozhikode,https://www.redbus.in/bus-tickets/kalpetta-to-kozhikode,KSRTC (Kerala) - 586,Super Express Non AC Seater Air Bus (2+2),21:15,01h 35m,22:50,3.6,INR 129,26 Seats available
Kalpetta (kerala) to Kozhikode,https://www.redbus.in/bus-tickets/kalpetta-to-kozhikode,KSRTC (Kerala) - 345,Super Fast Non AC Seater (2+3),21:51,02h 04m,23:55,3.6,INR 108,49 Seats available
Kalpetta (kerala) to Kozhikode,https://www.redbus.in/bus-tickets/kalpetta-to-kozhikode,KSRTC (Kerala) - 407,Super Express Non AC Seater Air Bus (2+2),22:00,01h 25m,23:25,3.6,INR 145,25 Seats available
Kalpetta (kerala) to Kozhikode,https://www.redbus.in/bus-tickets/kalpetta-to-kozhikode,KSRTC (Kerala) - 793,Super Fast Non AC Seater (2+3),22:05,01h 55m,00:00,3.6,INR 111,46 Seats available
Kalpetta (kerala) to Kozhikode,https://www.redbus.in/bus-tickets/kalpetta-to-kozhikode,KSRTC (Kerala) - 505,Super Express Non AC Seater Air Bus (2+2),22:25,01h 34m,23:59,3.9,INR 145,34 Seats available
Kalpetta (kerala) to Kozhikode,https://www.redbus.in/bus-tickets/kalpetta-to-kozhikode,KSRTC (Kerala) - 97,Swift Deluxe Non AC Air Bus (2+2),22:31,02h 19m,00:50,3.6,INR 145,21 Seats available
Kalpetta (kerala) to Kozhikode,https://www.redbus.in/bus-tickets/kalpetta-to-kozhikode,KSRTC (Kerala) - 2072,Super Express Non AC Seater Air Bus (2+2),22:55,01h 35m,00:30,3.6,INR 145,12 Seats available
Kalpetta (kerala) to Kozhikode,https://www.redbus.in/bus-tickets/kalpetta-to-kozhikode,KSRTC (Kerala) - 171,Swift Deluxe Non AC Air Bus (2+2),23:30,01h 50m,01:20,3.6,INR 145,13 Seats available
Kalpetta (kerala) to Kozhikode,https://www.redbus.in/bus-tickets/kalpetta-to-kozhikode,Cochin Express,A/C Sleeper (2+1),22:30,01h 29m,23:59,4.0,INR 850,11 Seats available
Kalpetta (kerala) to Kozhikode,https://www.redbus.in/bus-tickets/kalpetta-to-kozhikode,Cochin Express,Volvo Multi-Axle B9R A/c Semi Sleeper (2+2),22:25,01h 34m,23:59,4.0,INR 667,24 Seats available
Kalpetta (kerala) to Kozhikode,https://www.redbus.in/bus-tickets/kalpetta-to-kozhikode,Cochin Express,A/C Sleeper (2+1),22:30,01h 29m,23:59,4.0,INR 850,11 Seats available
Kalpetta (kerala) to Kozhikode,https://www.redbus.in/bus-tickets/kalpetta-to-kozhikode,Cochin Express,Volvo Multi-Axle B9R A/c Semi Sleeper (2+2),22:25,01h 34m,23:59,4.0,INR 667,24 Seats available
Kalpetta (kerala) to Kozhikode,https://www.redbus.in/bus-tickets/kalpetta-to-kozhikode,Sonia Travels,A/C Semi Sleeper (2+2),20:45,02h 55m,23:40,3.8,INR 350,35 Seats available
Kalpetta (kerala) to Kozhikode,https://www.redbus.in/bus-tickets/kalpetta-to-kozhikode,Sonia Travels,A/C Semi Sleeper (2+2),21:30,02h 10m,23:40,3.8,INR 350,35 Seats available
Kalpetta (kerala) to Kozhikode,https://www.redbus.in/bus-tickets/kalpetta-to-kozhikode,Cochin Express,A/C Seater Push Back (2+2),22:30,01h 25m,23:55,4.0,INR 700,41 Seats available
Kalpetta (kerala) to Kozhikode,https://www.redbus.in/bus-tickets/kalpetta-to-kozhikode,Cochin Express,A/C Seater Push Back (2+2),22:30,01h 25m,23:55,4.0,INR 700,41 Seats available
Kalpetta (kerala) to Kozhikode,https://www.redbus.in/bus-tickets/kalpetta-to-kozhikode,Sonia Travels,A/C Seater/Sleeper (2+1),19:30,03h 59m,23:29,3.8,INR 750,40 Seats available
Kalpetta (kerala) to Kozhikode,https://www.redbus.in/bus-tickets/kalpetta-to-kozhikode,Sonia Travels,A/C Seater/Sleeper (2+1),21:30,01h 59m,23:29,3.8,INR 750,40 Seats available
Kalpetta (kerala) to Kozhikode,https://www.redbus.in/bus-tickets/kalpetta-to-kozhikode,A1 Travels,Bharat Benz A/C Sleeper (2+1),21:00,02h 30m,23:30,3.3,INR 600,35 Seats available
